"./NARA_RG_260_WLA_Roll 51_#1-23 (FINISHED)/NARA_RG_260_WLA_WIE- 1733_Roll_51_001a.jpg",
"./NARA_RG_260_WLA_Roll 51_#1-23 (FINISHED)/NARA_RG_260_WLA_WIE- 1733_Roll_51_001b.jpg",
"./NARA_RG_260_WLA_Roll 51_#1-23 (FINISHED)/NARA_RG_260_WLA_WIE-1670_Roll_51_002.jpg",
"./NARA_RG_260_WLA_Roll 51_#1-23 (FINISHED)/NARA_RG_260_WLA_WIE-1673_Roll_51_004.jpg",
"./NARA_RG_260_WLA_Roll 51_#1-23 (FINISHED)/NARA_RG_260_WLA_WIE-1676_Roll_51_003.jpg",
"./NARA_RG_260_WLA_Roll 51_#1-23 (FINISHED)/NARA_RG_260_WLA_WIE-1769-11_Roll_51_017.jpg",
"./NARA_RG_260_WLA_Roll 51_#1-23 (FINISHED)/NARA_RG_260_WLA_WIE-1769-12_Roll_51_013.jpg",
"./NARA_RG_260_WLA_Roll 51_#1-23 (FINISHED)/NARA_RG_260_WLA_WIE-1769-13_Roll_51_007.jpg",
"./NARA_RG_260_WLA_Roll 51_#1-23 (FINISHED)/NARA_RG_260_WLA_WIE-1769-21_Roll_51_014.jpg",
"./NARA_RG_260_WLA_Roll 51_#1-23 (FINISHED)/NARA_RG_260_WLA_WIE-1769-24_Roll_51_008.jpg",
"./NARA_RG_260_WLA_Roll 51_#1-23 (FINISHED)/NARA_RG_260_WLA_WIE-1769-26_Roll_51_018.jpg",
"./NARA_RG_260_WLA_Roll 51_#1-23 (FINISHED)/NARA_RG_260_WLA_WIE-1769-27_Roll_51_010.jpg",
"./NARA_RG_260_WLA_Roll 51_#1-23 (FINISHED)/NARA_RG_260_WLA_WIE-1769-33_Roll_51_009.jpg",
"./NARA_RG_260_WLA_Roll 51_#1-23 (FINISHED)/NARA_RG_260_WLA_WIE-1769-34_Roll_51_011.jpg",
"./NARA_RG_260_WLA_Roll 51_#1-23 (FINISHED)/NARA_RG_260_WLA_WIE-1769-36_Roll_51_0012.jpg",
"./NARA_RG_260_WLA_Roll 51_#1-23 (FINISHED)/NARA_RG_260_WLA_WIE-1769-40_Roll_51_015.jpg",
"./NARA_RG_260_WLA_Roll 51_#1-23 (FINISHED)/NARA_RG_260_WLA_WIE-1769-44_Roll_51_023.jpg",
"./NARA_RG_260_WLA_Roll 51_#1-23 (FINISHED)/NARA_RG_260_WLA_WIE-1769-46_Roll_51_019.jpg",
"./NARA_RG_260_WLA_Roll 51_#1-23 (FINISHED)/NARA_RG_260_WLA_WIE-1769-47_Roll_51_020.jpg",
"./NARA_RG_260_WLA_Roll 51_#1-23 (FINISHED)/NARA_RG_260_WLA_WIE-1769-48_Roll_51_022.jpg",
"./NARA_RG_260_WLA_Roll 51_#1-23 (FINISHED)/NARA_RG_260_WLA_WIE-1769-49_Roll_51_016.jpg",
"./NARA_RG_260_WLA_Roll 51_#1-23 (FINISHED)/NARA_RG_260_WLA_WIE-1769-9_Roll_51_021.jpg",
"./NARA_RG_260_WLA_Roll 51_#1-23 (FINISHED)/NARA_RG_260_WLA_WIE-639_Roll_51_006.jpg",
"./NARA_RG_260_WLA_Roll 51_#1-23 (FINISHED)/NARA_RG_260_WLA_WIE-654_Roll_51_005.jpg",
"./NARA_RG_260_WLA_Roll 52_#1-31 (FINISHED)/NARA_RG_260_WLA_WIE-1767-77_Roll_52_022.jpg",
"./NARA_RG_260_WLA_Roll 52_#1-31 (FINISHED)/NARA_RG_260_WLA_WIE-1767-78_Roll_52_018.jpg",
"./NARA_RG_260_WLA_Roll 52_#1-31 (FINISHED)/NARA_RG_260_WLA_WIE-1767-79_Roll_52_017.jpg",
"./NARA_RG_260_WLA_Roll 52_#1-31 (FINISHED)/NARA_RG_260_WLA_WIE-1767-81_Roll_52_015.jpg",
"./NARA_RG_260_WLA_Roll 52_#1-31 (FINISHED)/NARA_RG_260_WLA_WIE-1767-83_Roll_52_011.jpg",
"./NARA_RG_260_WLA_Roll 52_#1-31 (FINISHED)/NARA_RG_260_WLA_WIE-1767-85_Roll_52_013.jpg",
"./NARA_RG_260_WLA_Roll 52_#1-31 (FINISHED)/NARA_RG_260_WLA_WIE-1767-86_Roll_52_012.jpg",
"./NARA_RG_260_WLA_Roll 52_#1-31 (FINISHED)/NARA_RG_260_WLA_WIE-1767-87_Roll_52_020.jpg",
"./NARA_RG_260_WLA_Roll 52_#1-31 (FINISHED)/NARA_RG_260_WLA_WIE-1767-88_Roll_52_016.jpg",
"./NARA_RG_260_WLA_Roll 52_#1-31 (FINISHED)/NARA_RG_260_WLA_WIE-1767-89_Roll_52_021.jpg",
"./NARA_RG_260_WLA_Roll 52_#1-31 (FINISHED)/NARA_RG_260_WLA_WIE-1767-90_Roll_52_019.jpg",
"./NARA_RG_260_WLA_Roll 52_#1-31 (FINISHED)/NARA_RG_260_WLA_WIE-1767-91_Roll_52_014.jpg",
"./NARA_RG_260_WLA_Roll 52_#1-31 (FINISHED)/NARA_RG_260_WLA_WIE-1769-22_Roll_52_004.jpg",
"./NARA_RG_260_WLA_Roll 52_#1-31 (FINISHED)/NARA_RG_260_WLA_WIE-1769-29_Roll_52_009.jpg",
"./NARA_RG_260_WLA_Roll 52_#1-31 (FINISHED)/NARA_RG_260_WLA_WIE-1769-38_Roll_52_007.jpg",
"./NARA_RG_260_WLA_Roll 52_#1-31 (FINISHED)/NARA_RG_260_WLA_WIE-1769-41_Roll_52_002.jpg",
"./NARA_RG_260_WLA_Roll 52_#1-31 (FINISHED)/NARA_RG_260_WLA_WIE-1769-42_Roll_52_003.jpg",
"./NARA_RG_260_WLA_Roll 52_#1-31 (FINISHED)/NARA_RG_260_WLA_WIE-1769-43_Roll_52_001.jpg",
"./NARA_RG_260_WLA_Roll 52_#1-31 (FINISHED)/NARA_RG_260_WLA_WIE-1769-45_Roll_52_006.jpg",
"./NARA_RG_260_WLA_Roll 52_#1-31 (FINISHED)/NARA_RG_260_WLA_WIE-1769-5_Roll_52_008.jpg",
"./NARA_RG_260_WLA_Roll 52_#1-31 (FINISHED)/NARA_RG_260_WLA_WIE-1769-7_Roll_52_005.jpg",
"./NARA_RG_260_WLA_Roll 52_#1-31 (FINISHED)/NARA_RG_260_WLA_WIE-544-10_Roll_52_028.jpg",
"./NARA_RG_260_WLA_Roll 52_#1-31 (FINISHED)/NARA_RG_260_WLA_WIE-544-11_Roll_52_031.jpg",
"./NARA_RG_260_WLA_Roll 52_#1-31 (FINISHED)/NARA_RG_260_WLA_WIE-544-13_Roll_52_030.jpg",
"./NARA_RG_260_WLA_Roll 52_#1-31 (FINISHED)/NARA_RG_260_WLA_WIE-544-16_Roll_52_023.jpg",
"./NARA_RG_260_WLA_Roll 52_#1-31 (FINISHED)/NARA_RG_260_WLA_WIE-544-17_Roll_52_024.jpg",
"./NARA_RG_260_WLA_Roll 52_#1-31 (FINISHED)/NARA_RG_260_WLA_WIE-544-6_Roll_52_029.jpg",
"./NARA_RG_260_WLA_Roll 52_#1-31 (FINISHED)/NARA_RG_260_WLA_WIE-544-7_Roll_52_026.jpg",
"./NARA_RG_260_WLA_Roll 52_#1-31 (FINISHED)/NARA_RG_260_WLA_WIE-544-8_[544-9]_Roll_52_025a.jpg",
"./NARA_RG_260_WLA_Roll 52_#1-31 (FINISHED)/NARA_RG_260_WLA_WIE-544-8_[544-9]_Roll_52_025b.jpg",
"./NARA_RG_260_WLA_Roll 52_#1-31 (FINISHED)/NARA_RG_260_WLA_WIE-544-9_[544-8]_Roll_52_027a.jpg",
"./NARA_RG_260_WLA_Roll 52_#1-31 (FINISHED)/NARA_RG_260_WLA_WIE-544-9_[544-8_no_photo]_Roll_52_027b.jpg",
"./NARA_RG_260_WLA_Roll 52_#1-31 (FINISHED)/NARA_RG_260_WLA_WIE-544-9_[544-8_no_photo]_Roll_52_027c.jpg",
"./NARA_RG_260_WLA_Roll 52_#1-31 (FINISHED)/NARA_RG_260_WLA_WIE-655-1_Roll_52_010.jpg",
"./NARA_RG_260_WLA_Roll 53_#1-25 (FINISHED)/NARA_RG_260_WLA_WIE-1755-3_Roll_53_017.jpg",
"./NARA_RG_260_WLA_Roll 53_#1-25 (FINISHED)/NARA_RG_260_WLA_WIE-544-12_Roll_53_001.jpg",
"./NARA_RG_260_WLA_Roll 53_#1-25 (FINISHED)/NARA_RG_260_WLA_WIE-544-14_Roll_53_003a.jpg",
"./NARA_RG_260_WLA_Roll 53_#1-25 (FINISHED)/NARA_RG_260_WLA_WIE-544-14_Roll_53_003b.jpg",
"./NARA_RG_260_WLA_Roll 53_#1-25 (FINISHED)/NARA_RG_260_WLA_WIE-544-15_Roll_53_002.jpg",
"./NARA_RG_260_WLA_Roll 53_#1-25 (FINISHED)/NARA_RG_260_WLA_WIE-544-19_Roll_53_021.jpg",
"./NARA_RG_260_WLA_Roll 53_#1-25 (FINISHED)/NARA_RG_260_WLA_WIE-544-1_Roll_53_013.jpg",
"./NARA_RG_260_WLA_Roll 53_#1-25 (FINISHED)/NARA_RG_260_WLA_WIE-544-20_Roll_53_023.jpg",
"./NARA_RG_260_WLA_Roll 53_#1-25 (FINISHED)/NARA_RG_260_WLA_WIE-544-21_Roll_53_025.jpg",
"./NARA_RG_260_WLA_Roll 53_#1-25 (FINISHED)/NARA_RG_260_WLA_WIE-544-22_Roll_53_019.jpg",
"./NARA_RG_260_WLA_Roll 53_#1-25 (FINISHED)/NARA_RG_260_WLA_WIE-544-23_Roll_53_020.jpg",
"./NARA_RG_260_WLA_Roll 53_#1-25 (FINISHED)/NARA_RG_260_WLA_WIE-544-24_Roll_53_022.jpg",
"./NARA_RG_260_WLA_Roll 53_#1-25 (FINISHED)/NARA_RG_260_WLA_WIE-544-25_Roll_53_024.jpg",
"./NARA_RG_260_WLA_Roll 53_#1-25 (FINISHED)/NARA_RG_260_WLA_WIE-544-26_Roll_53_018.jpg",
"./NARA_RG_260_WLA_Roll 53_#1-25 (FINISHED)/NARA_RG_260_WLA_WIE-544-2_Roll_53_012.jpg",
"./NARA_RG_260_WLA_Roll 53_#1-25 (FINISHED)/NARA_RG_260_WLA_WIE-544-3_Roll_53_014.jpg",
"./NARA_RG_260_WLA_Roll 53_#1-25 (FINISHED)/NARA_RG_260_WLA_WIE-544-4_Roll_53_016.jpg",
"./NARA_RG_260_WLA_Roll 53_#1-25 (FINISHED)/NARA_RG_260_WLA_WIE-544-5_Roll_53_015.jpg",
"./NARA_RG_260_WLA_Roll 53_#1-25 (FINISHED)/NARA_RG_260_WLA_WIE-635-1_Roll_53_004.jpg",
"./NARA_RG_260_WLA_Roll 53_#1-25 (FINISHED)/NARA_RG_260_WLA_WIE-635-2_Roll_53_011.jpg",
"./NARA_RG_260_WLA_Roll 53_#1-25 (FINISHED)/NARA_RG_260_WLA_WIE-635-3_Roll_53_007.jpg",
"./NARA_RG_260_WLA_Roll 53_#1-25 (FINISHED)/NARA_RG_260_WLA_WIE-645-1_Roll_53_006.jpg",
"./NARA_RG_260_WLA_Roll 53_#1-25 (FINISHED)/NARA_RG_260_WLA_WIE-645-2_Roll_53_005.jpg",
"./NARA_RG_260_WLA_Roll 53_#1-25 (FINISHED)/NARA_RG_260_WLA_WIE-645-3_Roll_53_008.jpg",
"./NARA_RG_260_WLA_Roll 53_#1-25 (FINISHED)/NARA_RG_260_WLA_WIE-645-4_Roll_53_010.jpg",
"./NARA_RG_260_WLA_Roll 53_#1-25 (FINISHED)/NARA_RG_260_WLA_WIE-645-5_Roll_53_009.jpg",
"./NARA_RG_260_WLA_Roll 54_#1-5 (FINISHED)/NARA_RG_260_WLA_WIE-540-8_Roll_54_004.jpg",
"./NARA_RG_260_WLA_Roll 54_#1-5 (FINISHED)/NARA_RG_260_WLA_WIE-540-9_Roll_54_005a.jpg",
"./NARA_RG_260_WLA_Roll 54_#1-5 (FINISHED)/NARA_RG_260_WLA_WIE-540-9_Roll_54_005b.jpg",
"./NARA_RG_260_WLA_Roll 54_#1-5 (FINISHED)/NARA_RG_260_WLA_WIE-544-18_Roll_54_001.jpg",
"./NARA_RG_260_WLA_Roll 54_#1-5 (FINISHED)/NARA_RG_260_WLA_WIE-544-27_Roll_54_002.jpg",
"./NARA_RG_260_WLA_Roll 54_#1-5 (FINISHED)/NARA_RG_260_WLA_WIE-544-28_Roll_54_003.jpg",
"./NARA_RG_260_WLA_Roll 55_#1-20 (FINISHED)/NARA_RG_260_WLA_WIE-1867-107_Roll_55_014a.jpg",
"./NARA_RG_260_WLA_Roll 55_#1-20 (FINISHED)/NARA_RG_260_WLA_WIE-1867-107_Roll_55_014b.jpg",
"./NARA_RG_260_WLA_Roll 55_#1-20 (FINISHED)/NARA_RG_260_WLA_WIE-1867-10_Roll_55_005b.jpg",
"./NARA_RG_260_WLA_Roll 55_#1-20 (FINISHED)/NARA_RG_260_WLA_WIE-1867-11_Roll_55_006a.jpg",
"./NARA_RG_260_WLA_Roll 55_#1-20 (FINISHED)/NARA_RG_260_WLA_WIE-1867-12_[1867-12x]_Roll_55_006b.jpg",
"./NARA_RG_260_WLA_Roll 55_#1-20 (FINISHED)/NARA_RG_260_WLA_WIE-1867-137_Roll_55_016.jpg",
"./NARA_RG_260_WLA_Roll 55_#1-20 (FINISHED)/NARA_RG_260_WLA_WIE-1867-138_Roll_55_017.jpg",
"./NARA_RG_260_WLA_Roll 55_#1-20 (FINISHED)/NARA_RG_260_WLA_WIE-1867-139_Roll_55_018.jpg",
"./NARA_RG_260_WLA_Roll 55_#1-20 (FINISHED)/NARA_RG_260_WLA_WIE-1867-140_ Roll_55_019.jpg",
"./NARA_RG_260_WLA_Roll 55_#1-20 (FINISHED)/NARA_RG_260_WLA_WIE-1867-141_Roll_55_020.jpg",
"./NARA_RG_260_WLA_Roll 55_#1-20 (FINISHED)/NARA_RG_260_WLA_WIE-1867-15_ [1867-15x]_Roll_55_007a.jpg",
"./NARA_RG_260_WLA_Roll 55_#1-20 (FINISHED)/NARA_RG_260_WLA_WIE-1867-16_[1867-16x]_Roll_55_007b.jpg",
"./NARA_RG_260_WLA_Roll 55_#1-20 (FINISHED)/NARA_RG_260_WLA_WIE-1867-17_[1867-17x]_Roll_55_008a.jpg",
"./NARA_RG_260_WLA_Roll 55_#1-20 (FINISHED)/NARA_RG_260_WLA_WIE-1867-18_[1867-18x]_Roll_55_008b.jpg",
"./NARA_RG_260_WLA_Roll 55_#1-20 (FINISHED)/NARA_RG_260_WLA_WIE-1867-19_[1867-19x]_Roll_55_009a.jpg",
"./NARA_RG_260_WLA_Roll 55_#1-20 (FINISHED)/NARA_RG_260_WLA_WIE-1867-1_Roll_55_001a.jpg",
"./NARA_RG_260_WLA_Roll 55_#1-20 (FINISHED)/NARA_RG_260_WLA_WIE-1867-20_[1867-20x]_Roll_55_009b.jpg",
"./NARA_RG_260_WLA_Roll 55_#1-20 (FINISHED)/NARA_RG_260_WLA_WIE-1867-21_Roll_55_010a.jpg",
"./NARA_RG_260_WLA_Roll 55_#1-20 (FINISHED)/NARA_RG_260_WLA_WIE-1867-22_Roll_55_010b.jpg",
"./NARA_RG_260_WLA_Roll 55_#1-20 (FINISHED)/NARA_RG_260_WLA_WIE-1867-23_Roll_55_010c.jpg",
"./NARA_RG_260_WLA_Roll 55_#1-20 (FINISHED)/NARA_RG_260_WLA_WIE-1867-23_Roll_55_010d.jpg",
"./NARA_RG_260_WLA_Roll 55_#1-20 (FINISHED)/NARA_RG_260_WLA_WIE-1867-24_Roll_55_011.jpg",
"./NARA_RG_260_WLA_Roll 55_#1-20 (FINISHED)/NARA_RG_260_WLA_WIE-1867-25_Roll_55_012.jpg",
"./NARA_RG_260_WLA_Roll 55_#1-20 (FINISHED)/NARA_RG_260_WLA_WIE-1867-26 _Roll_55_013.jpg",
"./NARA_RG_260_WLA_Roll 55_#1-20 (FINISHED)/NARA_RG_260_WLA_WIE-1867-2_Roll_55_001b.jpg",
"./NARA_RG_260_WLA_Roll 55_#1-20 (FINISHED)/NARA_RG_260_WLA_WIE-1867-3_Roll_55_002a.jpg",
"./NARA_RG_260_WLA_Roll 55_#1-20 (FINISHED)/NARA_RG_260_WLA_WIE-1867-4_Roll_55_002b.jpg",
"./NARA_RG_260_WLA_Roll 55_#1-20 (FINISHED)/NARA_RG_260_WLA_WIE-1867-5_Roll_55_003.jpg",
"./NARA_RG_260_WLA_Roll 55_#1-20 (FINISHED)/NARA_RG_260_WLA_WIE-1867-7_Roll_55_004a.jpg",
"./NARA_RG_260_WLA_Roll 55_#1-20 (FINISHED)/NARA_RG_260_WLA_WIE-1867-8_Roll_55_004b.jpg",
"./NARA_RG_260_WLA_Roll 55_#1-20 (FINISHED)/NARA_RG_260_WLA_WIE-1867-99_Roll_55_015.jpg",
"./NARA_RG_260_WLA_Roll 55_#1-20 (FINISHED)/NARA_RG_260_WLA_WIE-1867-9_Roll_55_005a.jpg",
"./NARA_RG_260_WLA_Roll 56_#1-27 (FINISHED)/NARA_RG_260_WLA_WIE-1867-115_Roll_56_013.jpg",
"./NARA_RG_260_WLA_Roll 56_#1-27 (FINISHED)/NARA_RG_260_WLA_WIE-1867-131_Roll_56_014.jpg",
"./NARA_RG_260_WLA_Roll 56_#1-27 (FINISHED)/NARA_RG_260_WLA_WIE-1867-132_Roll_56_015.jpg",
"./NARA_RG_260_WLA_Roll 56_#1-27 (FINISHED)/NARA_RG_260_WLA_WIE-1867-133_Roll_56_016.jpg",
"./NARA_RG_260_WLA_Roll 56_#1-27 (FINISHED)/NARA_RG_260_WLA_WIE-1867-134_Roll_56_017a.jpg",
"./NARA_RG_260_WLA_Roll 56_#1-27 (FINISHED)/NARA_RG_260_WLA_WIE-1867-135_Roll_56_017b.jpg",
"./NARA_RG_260_WLA_Roll 56_#1-27 (FINISHED)/NARA_RG_260_WLA_WIE-1867-136_Roll_56_018.jpg",
"./NARA_RG_260_WLA_Roll 56_#1-27 (FINISHED)/NARA_RG_260_WLA_WIE-1867-142_Roll_56_001.jpg",
"./NARA_RG_260_WLA_Roll 56_#1-27 (FINISHED)/NARA_RG_260_WLA_WIE-1867-143_Roll_56_002.jpg",
"./NARA_RG_260_WLA_Roll 56_#1-27 (FINISHED)/NARA_RG_260_WLA_WIE-1867-144_Roll_56_003.jpg",
"./NARA_RG_260_WLA_Roll 56_#1-27 (FINISHED)/NARA_RG_260_WLA_WIE-1867-145_Roll_56_004.jpg",
"./NARA_RG_260_WLA_Roll 56_#1-27 (FINISHED)/NARA_RG_260_WLA_WIE-1867-146_Roll_56_005.jpg",
"./NARA_RG_260_WLA_Roll 56_#1-27 (FINISHED)/NARA_RG_260_WLA_WIE-1867-147_Roll_56_006.jpg",
"./NARA_RG_260_WLA_Roll 56_#1-27 (FINISHED)/NARA_RG_260_WLA_WIE-1867-148_Roll_56_007.jpg",
"./NARA_RG_260_WLA_Roll 56_#1-27 (FINISHED)/NARA_RG_260_WLA_WIE-1867-149_Roll_56_008.jpg",
"./NARA_RG_260_WLA_Roll 56_#1-27 (FINISHED)/NARA_RG_260_WLA_WIE-1867-150_Roll_56_009.jpg",
"./NARA_RG_260_WLA_Roll 56_#1-27 (FINISHED)/NARA_RG_260_WLA_WIE-1867-151_Roll_56_010.jpg",
"./NARA_RG_260_WLA_Roll 56_#1-27 (FINISHED)/NARA_RG_260_WLA_WIE-1867-152_Roll_56_011.jpg",
"./NARA_RG_260_WLA_Roll 56_#1-27 (FINISHED)/NARA_RG_260_WLA_WIE-1867-153_Roll_56_012a.jpg",
"./NARA_RG_260_WLA_Roll 56_#1-27 (FINISHED)/NARA_RG_260_WLA_WIE-1867-154_Roll_56_012b.jpg",
"./NARA_RG_260_WLA_Roll 56_#1-27 (FINISHED)/NARA_RG_260_WLA_WIE-1867-28_Roll_56_019a.jpg",
"./NARA_RG_260_WLA_Roll 56_#1-27 (FINISHED)/NARA_RG_260_WLA_WIE-1867-29_Roll_56_019b.jpg",
"./NARA_RG_260_WLA_Roll 56_#1-27 (FINISHED)/NARA_RG_260_WLA_WIE-1867-35_Roll_56_020a.jpg",
"./NARA_RG_260_WLA_Roll 56_#1-27 (FINISHED)/NARA_RG_260_WLA_WIE-1867-36_Roll_56_020b.jpg",
"./NARA_RG_260_WLA_Roll 56_#1-27 (FINISHED)/NARA_RG_260_WLA_WIE-1867-57_Roll_56_021.jpg",
"./NARA_RG_260_WLA_Roll 56_#1-27 (FINISHED)/NARA_RG_260_WLA_WIE-1867-58_Roll_56_022.jpg",
"./NARA_RG_260_WLA_Roll 56_#1-27 (FINISHED)/NARA_RG_260_WLA_WIE-1867-59_Roll_56_023.jpg",
"./NARA_RG_260_WLA_Roll 56_#1-27 (FINISHED)/NARA_RG_260_WLA_WIE-1867-60_Roll_56_024.jpg",
"./NARA_RG_260_WLA_Roll 56_#1-27 (FINISHED)/NARA_RG_260_WLA_WIE-1867-61_Roll_56_025.jpg",
"./NARA_RG_260_WLA_Roll 56_#1-27 (FINISHED)/NARA_RG_260_WLA_WIE-1867-62_Roll_56_026.jpg",
"./NARA_RG_260_WLA_Roll 56_#1-27 (FINISHED)/NARA_RG_260_WLA_WIE-1867-63_Roll_56_027.jpg",
"./NARA_RG_260_WLA_Roll 57_#1-34 (FINISHED)/NARA_RG_260_WLA_WIE-1866_Roll_57_031.jpg",
"./NARA_RG_260_WLA_Roll 57_#1-34 (FINISHED)/NARA_RG_260_WLA_WIE-1867-10j-o_Roll_57_033.jpg",
"./NARA_RG_260_WLA_Roll 57_#1-34 (FINISHED)/NARA_RG_260_WLA_WIE-1867-10p-u_Roll_57_034.jpg",
"./NARA_RG_260_WLA_Roll 57_#1-34 (FINISHED)/NARA_RG_260_WLA_WIE-1867-10v_Roll_57_32a.jpg",
"./NARA_RG_260_WLA_Roll 57_#1-34 (FINISHED)/NARA_RG_260_WLA_WIE-1867-10w_Roll_57_32b.jpg",
"./NARA_RG_260_WLA_Roll 57_#1-34 (FINISHED)/NARA_RG_260_WLA_WIE-1867-14_[1867-14x]_Roll_57_019.jpg",
"./NARA_RG_260_WLA_Roll 57_#1-34 (FINISHED)/NARA_RG_260_WLA_WIE-1867-47_Roll_57_020.jpg",
"./NARA_RG_260_WLA_Roll 57_#1-34 (FINISHED)/NARA_RG_260_WLA_WIE-1867-48_Roll_57_021.jpg",
"./NARA_RG_260_WLA_Roll 57_#1-34 (FINISHED)/NARA_RG_260_WLA_WIE-1867-49_Roll_57_022.jpg",
"./NARA_RG_260_WLA_Roll 57_#1-34 (FINISHED)/NARA_RG_260_WLA_WIE-1867-50_Roll_57_023.jpg",
"./NARA_RG_260_WLA_Roll 57_#1-34 (FINISHED)/NARA_RG_260_WLA_WIE-1867-51_Roll_57_024.jpg",
"./NARA_RG_260_WLA_Roll 57_#1-34 (FINISHED)/NARA_RG_260_WLA_WIE-1867-52_Roll_57_025.jpg",
"./NARA_RG_260_WLA_Roll 57_#1-34 (FINISHED)/NARA_RG_260_WLA_WIE-1867-53_Roll_57_026a.jpg",
"./NARA_RG_260_WLA_Roll 57_#1-34 (FINISHED)/NARA_RG_260_WLA_WIE-1867-54_Roll_57_026b.jpg",
"./NARA_RG_260_WLA_Roll 57_#1-34 (FINISHED)/NARA_RG_260_WLA_WIE-1867-55_Roll_57_027.jpg",
"./NARA_RG_260_WLA_Roll 57_#1-34 (FINISHED)/NARA_RG_260_WLA_WIE-1867-56_Roll_57_028.jpg",
"./NARA_RG_260_WLA_Roll 57_#1-34 (FINISHED)/NARA_RG_260_WLA_WIE-1867-64_Roll_57_001.jpg",
"./NARA_RG_260_WLA_Roll 57_#1-34 (FINISHED)/NARA_RG_260_WLA_WIE-1867-65_Roll_57_002.jpg",
"./NARA_RG_260_WLA_Roll 57_#1-34 (FINISHED)/NARA_RG_260_WLA_WIE-1867-66_Roll_57_003.jpg",
"./NARA_RG_260_WLA_Roll 57_#1-34 (FINISHED)/NARA_RG_260_WLA_WIE-1867-67_Roll_57_004.jpg",
"./NARA_RG_260_WLA_Roll 57_#1-34 (FINISHED)/NARA_RG_260_WLA_WIE-1867-68_Roll_57_005.jpg",
"./NARA_RG_260_WLA_Roll 57_#1-34 (FINISHED)/NARA_RG_260_WLA_WIE-1867-69_Roll_57_006.jpg",
"./NARA_RG_260_WLA_Roll 57_#1-34 (FINISHED)/NARA_RG_260_WLA_WIE-1867-70_Roll_57_008.jpg",
"./NARA_RG_260_WLA_Roll 57_#1-34 (FINISHED)/NARA_RG_260_WLA_WIE-1867-71_Roll_57_007.jpg",
"./NARA_RG_260_WLA_Roll 57_#1-34 (FINISHED)/NARA_RG_260_WLA_WIE-1867-72_Roll_57_009.jpg",
"./NARA_RG_260_WLA_Roll 57_#1-34 (FINISHED)/NARA_RG_260_WLA_WIE-1867-73_Roll_57_010.jpg",
"./NARA_RG_260_WLA_Roll 57_#1-34 (FINISHED)/NARA_RG_260_WLA_WIE-1867-75_Roll_57_011.jpg",
"./NARA_RG_260_WLA_Roll 57_#1-34 (FINISHED)/NARA_RG_260_WLA_WIE-1867-76_Roll_57_012.jpg",
"./NARA_RG_260_WLA_Roll 57_#1-34 (FINISHED)/NARA_RG_260_WLA_WIE-1867-78_Roll_57_013a.jpg",
"./NARA_RG_260_WLA_Roll 57_#1-34 (FINISHED)/NARA_RG_260_WLA_WIE-1867-79_Roll_57_013b.jpg",
"./NARA_RG_260_WLA_Roll 57_#1-34 (FINISHED)/NARA_RG_260_WLA_WIE-1867-80_Roll_57_013c.jpg",
"./NARA_RG_260_WLA_Roll 57_#1-34 (FINISHED)/NARA_RG_260_WLA_WIE-1867-81_Roll_57_013d.jpg",
"./NARA_RG_260_WLA_Roll 57_#1-34 (FINISHED)/NARA_RG_260_WLA_WIE-1867-90_Roll_57_014a.jpg",
"./NARA_RG_260_WLA_Roll 57_#1-34 (FINISHED)/NARA_RG_260_WLA_WIE-1867-91_Roll_57_014b.jpg",
"./NARA_RG_260_WLA_Roll 57_#1-34 (FINISHED)/NARA_RG_260_WLA_WIE-1867-92_Roll_57_014c.jpg",
"./NARA_RG_260_WLA_Roll 57_#1-34 (FINISHED)/NARA_RG_260_WLA_WIE-1867-93_Roll_57_015a.jpg",
"./NARA_RG_260_WLA_Roll 57_#1-34 (FINISHED)/NARA_RG_260_WLA_WIE-1867-94_Roll_57_015b.jpg",
"./NARA_RG_260_WLA_Roll 57_#1-34 (FINISHED)/NARA_RG_260_WLA_WIE-1867-95_Roll_57_016.jpg",
"./NARA_RG_260_WLA_Roll 57_#1-34 (FINISHED)/NARA_RG_260_WLA_WIE-1867-96_Roll_57_017.jpg",
"./NARA_RG_260_WLA_Roll 57_#1-34 (FINISHED)/NARA_RG_260_WLA_WIE-1867-97_Roll_57_018.jpg",
"./NARA_RG_260_WLA_Roll 57_#1-34 (FINISHED)/NARA_RG_260_WLA_WIE-1877-6a_Roll_57_030.jpg",
"./NARA_RG_260_WLA_Roll 57_#1-34 (FINISHED)/NARA_RG_260_WLA_WIE-1877-6b_Roll_57_029.jpg",
"./NARA_RG_260_WLA_Roll 58_#1-23 (FINISHED)/NARA_RG_260_WLA_WIE-1867-10a_Roll_58_004a.jpg",
"./NARA_RG_260_WLA_Roll 58_#1-23 (FINISHED)/NARA_RG_260_WLA_WIE-1867-10b_Roll_58_004b.jpg",
"./NARA_RG_260_WLA_Roll 58_#1-23 (FINISHED)/NARA_RG_260_WLA_WIE-1867-10c_Roll_58_003.jpg",
"./NARA_RG_260_WLA_Roll 58_#1-23 (FINISHED)/NARA_RG_260_WLA_WIE-1867-10d_Roll_58_002a.jpg",
"./NARA_RG_260_WLA_Roll 58_#1-23 (FINISHED)/NARA_RG_260_WLA_WIE-1867-10e_Roll_58_002b.jpg",
"./NARA_RG_260_WLA_Roll 58_#1-23 (FINISHED)/NARA_RG_260_WLA_WIE-1867-10f-i_Roll_58_001.jpg",
"./NARA_RG_260_WLA_Roll 58_#1-23 (FINISHED)/NARA_RG_260_WLA_WIE-1867-10x_Roll_58_005.jpg",
"./NARA_RG_260_WLA_Roll 58_#1-23 (FINISHED)/NARA_RG_260_WLA_WIE-1867-11L_Roll_58_007a.jpg",
"./NARA_RG_260_WLA_Roll 58_#1-23 (FINISHED)/NARA_RG_260_WLA_WIE-1867-11L_Roll_58_007b.jpg",
"./NARA_RG_260_WLA_Roll 58_#1-23 (FINISHED)/NARA_RG_260_WLA_WIE-1867-11i_Roll_58_016.jpg",
"./NARA_RG_260_WLA_Roll 58_#1-23 (FINISHED)/NARA_RG_260_WLA_WIE-1867-11j_Roll_58_017.jpg",
"./NARA_RG_260_WLA_Roll 58_#1-23 (FINISHED)/NARA_RG_260_WLA_WIE-1867-11k_Roll_58_006.jpg",
"./NARA_RG_260_WLA_Roll 58_#1-23 (FINISHED)/NARA_RG_260_WLA_WIE-1867-11m_Roll_58_008a.jpg",
"./NARA_RG_260_WLA_Roll 58_#1-23 (FINISHED)/NARA_RG_260_WLA_WIE-1867-11m_Roll_58_008b.jpg",
"./NARA_RG_260_WLA_Roll 58_#1-23 (FINISHED)/NARA_RG_260_WLA_WIE-1867-11n_Roll_58_009a.jpg",
"./NARA_RG_260_WLA_Roll 58_#1-23 (FINISHED)/NARA_RG_260_WLA_WIE-1867-11n_Roll_58_009b.jpg",
"./NARA_RG_260_WLA_Roll 58_#1-23 (FINISHED)/NARA_RG_260_WLA_WIE-1867-11o_Roll_58_010.jpg",
"./NARA_RG_260_WLA_Roll 58_#1-23 (FINISHED)/NARA_RG_260_WLA_WIE-1867-11p_Roll_58_011.jpg",
"./NARA_RG_260_WLA_Roll 58_#1-23 (FINISHED)/NARA_RG_260_WLA_WIE-1867-11q_Roll_58_012a.jpg",
"./NARA_RG_260_WLA_Roll 58_#1-23 (FINISHED)/NARA_RG_260_WLA_WIE-1867-11q_Roll_58_012b.jpg",
"./NARA_RG_260_WLA_Roll 58_#1-23 (FINISHED)/NARA_RG_260_WLA_WIE-1867-11r_[no_photo]_Roll_58_013.jpg",
"./NARA_RG_260_WLA_Roll 58_#1-23 (FINISHED)/NARA_RG_260_WLA_WIE-1867-11s_Roll_58_014.jpg",
"./NARA_RG_260_WLA_Roll 58_#1-23 (FINISHED)/NARA_RG_260_WLA_WIE-1867-11t_Roll_58_015.jpg",
"./NARA_RG_260_WLA_Roll 58_#1-23 (FINISHED)/NARA_RG_260_WLA_WIE-[number uncertain]_Roll_58_0021.jpg",
"./NARA_RG_260_WLA_Roll 58_#1-23 (FINISHED)/NARA_RG_260_WLA_WIE-[number uncertain]_Roll_58_018.jpg",
"./NARA_RG_260_WLA_Roll 58_#1-23 (FINISHED)/NARA_RG_260_WLA_WIE-[number uncertain]_Roll_58_019.jpg",
"./NARA_RG_260_WLA_Roll 58_#1-23 (FINISHED)/NARA_RG_260_WLA_WIE-[number uncertain]_Roll_58_020.jpg",
"./NARA_RG_260_WLA_Roll 58_#1-23 (FINISHED)/NARA_RG_260_WLA_WIE-[number uncertain]_Roll_58_022.jpg",
"./NARA_RG_260_WLA_Roll 58_#1-23 (FINISHED)/NARA_RG_260_WLA_WIE-[number uncertain]_Roll_58_023.jpg",
"./NARA_RG_260_WLA_Roll 59_#1-17 (FINISHED)/NARA_RG_260_WLA_WIE-3165-10_Roll_59_010.jpg",
"./NARA_RG_260_WLA_Roll 59_#1-17 (FINISHED)/NARA_RG_260_WLA_WIE-3165-11_Roll_59_011.jpg",
"./NARA_RG_260_WLA_Roll 59_#1-17 (FINISHED)/NARA_RG_260_WLA_WIE-3165-12_Roll_59_012.jpg",
"./NARA_RG_260_WLA_Roll 59_#1-17 (FINISHED)/NARA_RG_260_WLA_WIE-3165-13_Roll_59_013.jpg",
"./NARA_RG_260_WLA_Roll 59_#1-17 (FINISHED)/NARA_RG_260_WLA_WIE-3165-14_Roll_59_015.jpg",
"./NARA_RG_260_WLA_Roll 59_#1-17 (FINISHED)/NARA_RG_260_WLA_WIE-3165-15_Roll_59_014.jpg",
"./NARA_RG_260_WLA_Roll 59_#1-17 (FINISHED)/NARA_RG_260_WLA_WIE-3165-16_Roll_59_016a.jpg",
"./NARA_RG_260_WLA_Roll 59_#1-17 (FINISHED)/NARA_RG_260_WLA_WIE-3165-16_Roll_59_016b.jpg",
"./NARA_RG_260_WLA_Roll 59_#1-17 (FINISHED)/NARA_RG_260_WLA_WIE-3165-17_Roll_59_017.jpg",
"./NARA_RG_260_WLA_Roll 59_#1-17 (FINISHED)/NARA_RG_260_WLA_WIE-3165-1_Roll_59_004.jpg",
"./NARA_RG_260_WLA_Roll 59_#1-17 (FINISHED)/NARA_RG_260_WLA_WIE-3165-2_Roll_59_003.jpg",
"./NARA_RG_260_WLA_Roll 59_#1-17 (FINISHED)/NARA_RG_260_WLA_WIE-3165-3_Roll_59_002.jpg",
"./NARA_RG_260_WLA_Roll 59_#1-17 (FINISHED)/NARA_RG_260_WLA_WIE-3165-4_Roll_59_001.jpg",
"./NARA_RG_260_WLA_Roll 59_#1-17 (FINISHED)/NARA_RG_260_WLA_WIE-3165-5_Roll_59_005.jpg",
"./NARA_RG_260_WLA_Roll 59_#1-17 (FINISHED)/NARA_RG_260_WLA_WIE-3165-6_Roll_59_006.jpg",
"./NARA_RG_260_WLA_Roll 59_#1-17 (FINISHED)/NARA_RG_260_WLA_WIE-3165-7_Roll_59_007.jpg",
"./NARA_RG_260_WLA_Roll 59_#1-17 (FINISHED)/NARA_RG_260_WLA_WIE-3165-8_Roll_59_008.jpg",
"./NARA_RG_260_WLA_Roll 59_#1-17 (FINISHED)/NARA_RG_260_WLA_WIE-3165-9_Roll_59_009.jpg",
"./NARA_RG_260_WLA_Roll 59_#1-17 (FINISHED)/NARA_RG_260_WLA_WIE-[unnumbered]_Roll_59_000.jpg",
"./NARA_RG_260_WLA_Roll 60_#1-31 (FINISHED)/NARA_RG_260_WLA_WIE-3165-18_Roll_60_001.jpg",
"./NARA_RG_260_WLA_Roll 60_#1-31 (FINISHED)/NARA_RG_260_WLA_WIE-3165-20_Roll_60_005a.jpg",
"./NARA_RG_260_WLA_Roll 60_#1-31 (FINISHED)/NARA_RG_260_WLA_WIE-3165-20_Roll_60_005b.jpg",
"./NARA_RG_260_WLA_Roll 60_#1-31 (FINISHED)/NARA_RG_260_WLA_WIE-3165-21_Roll_60_002.jpg",
"./NARA_RG_260_WLA_Roll 60_#1-31 (FINISHED)/NARA_RG_260_WLA_WIE-3165-22_Roll_60_003.jpg",
"./NARA_RG_260_WLA_Roll 60_#1-31 (FINISHED)/NARA_RG_260_WLA_WIE-3165-23_Roll_60_004.jpg",
"./NARA_RG_260_WLA_Roll 60_#1-31 (FINISHED)/NARA_RG_260_WLA_WIE-3165-24_Roll_60_006.jpg",
"./NARA_RG_260_WLA_Roll 60_#1-31 (FINISHED)/NARA_RG_260_WLA_WIE-3165-25_Roll_60_007a.jpg",
"./NARA_RG_260_WLA_Roll 60_#1-31 (FINISHED)/NARA_RG_260_WLA_WIE-3165-25_Roll_60_007b.jpg",
"./NARA_RG_260_WLA_Roll 60_#1-31 (FINISHED)/NARA_RG_260_WLA_WIE-3165-26_Roll_60_008.jpg",
"./NARA_RG_260_WLA_Roll 60_#1-31 (FINISHED)/NARA_RG_260_WLA_WIE-3165-27_Roll_60_009.jpg",
"./NARA_RG_260_WLA_Roll 60_#1-31 (FINISHED)/NARA_RG_260_WLA_WIE-3165-28_Roll_60_010.jpg",
"./NARA_RG_260_WLA_Roll 60_#1-31 (FINISHED)/NARA_RG_260_WLA_WIE-3165-29_Roll_60_011.jpg",
"./NARA_RG_260_WLA_Roll 60_#1-31 (FINISHED)/NARA_RG_260_WLA_WIE-3165-2_Roll_60_019.jpg",
"./NARA_RG_260_WLA_Roll 60_#1-31 (FINISHED)/NARA_RG_260_WLA_WIE-3165-30_Roll_60_012.jpg",
"./NARA_RG_260_WLA_Roll 60_#1-31 (FINISHED)/NARA_RG_260_WLA_WIE-3165-31_Roll_60_013.jpg",
"./NARA_RG_260_WLA_Roll 60_#1-31 (FINISHED)/NARA_RG_260_WLA_WIE-3165-32_Roll_60_014.jpg",
"./NARA_RG_260_WLA_Roll 60_#1-31 (FINISHED)/NARA_RG_260_WLA_WIE-3165-33_Roll_60_015.jpg",
"./NARA_RG_260_WLA_Roll 60_#1-31 (FINISHED)/NARA_RG_260_WLA_WIE-3165-34_Roll_60_016.jpg",
"./NARA_RG_260_WLA_Roll 60_#1-31 (FINISHED)/NARA_RG_260_WLA_WIE-3165-35_Roll_60_017a.jpg",
"./NARA_RG_260_WLA_Roll 60_#1-31 (FINISHED)/NARA_RG_260_WLA_WIE-3165-35_Roll_60_017b.jpg",
"./NARA_RG_260_WLA_Roll 60_#1-31 (FINISHED)/NARA_RG_260_WLA_WIE-3165-36_Roll_60_018.jpg",
"./NARA_RG_260_WLA_Roll 60_#1-31 (FINISHED)/NARA_RG_260_WLA_WIE-3165-47_Roll_60_030.jpg",
"./NARA_RG_260_WLA_Roll 60_#1-31 (FINISHED)/NARA_RG_260_WLA_WIE-3165-48_Roll_60_031.jpg",
"./NARA_RG_260_WLA_Roll 60_#1-31 (FINISHED)/NARA_RG_260_WLA_WIE-3165-49_Roll_60_029.jpg",
"./NARA_RG_260_WLA_Roll 60_#1-31 (FINISHED)/NARA_RG_260_WLA_WIE-3165-50_Roll_60_027.jpg",
"./NARA_RG_260_WLA_Roll 60_#1-31 (FINISHED)/NARA_RG_260_WLA_WIE-3165-51_Roll_60_028.jpg",
"./NARA_RG_260_WLA_Roll 60_#1-31 (FINISHED)/NARA_RG_260_WLA_WIE-3165-52_Roll_60_026.jpg",
"./NARA_RG_260_WLA_Roll 60_#1-31 (FINISHED)/NARA_RG_260_WLA_WIE-3165-53_Roll_60_025.jpg",
"./NARA_RG_260_WLA_Roll 60_#1-31 (FINISHED)/NARA_RG_260_WLA_WIE-3165-54_Roll_60_023.jpg",
"./NARA_RG_260_WLA_Roll 60_#1-31 (FINISHED)/NARA_RG_260_WLA_WIE-3165-55_Roll_60_024.jpg",
"./NARA_RG_260_WLA_Roll 60_#1-31 (FINISHED)/NARA_RG_260_WLA_WIE-3165-56_Roll_60_022.jpg",
"./NARA_RG_260_WLA_Roll 60_#1-31 (FINISHED)/NARA_RG_260_WLA_WIE-3165-57_Roll_60_021.jpg",
"./NARA_RG_260_WLA_Roll 60_#1-31 (FINISHED)/NARA_RG_260_WLA_WIE-3165-58_Roll_60_020.jpg",
"./NARA_RG_260_WLA_Roll 61_#1-32 (FINISHED)/NARA_RG_260_WLA_WIE-3165-37_Roll_61_010.jpg",
"./NARA_RG_260_WLA_Roll 61_#1-32 (FINISHED)/NARA_RG_260_WLA_WIE-3165-38_Roll_61_009.jpg",
"./NARA_RG_260_WLA_Roll 61_#1-32 (FINISHED)/NARA_RG_260_WLA_WIE-3165-39_Roll_61_008.jpg",
"./NARA_RG_260_WLA_Roll 61_#1-32 (FINISHED)/NARA_RG_260_WLA_WIE-3165-40_Roll_61_007.jpg",
"./NARA_RG_260_WLA_Roll 61_#1-32 (FINISHED)/NARA_RG_260_WLA_WIE-3165-41_Roll_61_006.jpg",
"./NARA_RG_260_WLA_Roll 61_#1-32 (FINISHED)/NARA_RG_260_WLA_WIE-3165-42_Roll_61_005.jpg",
"./NARA_RG_260_WLA_Roll 61_#1-32 (FINISHED)/NARA_RG_260_WLA_WIE-3165-43_Roll_61_004.jpg",
"./NARA_RG_260_WLA_Roll 61_#1-32 (FINISHED)/NARA_RG_260_WLA_WIE-3165-44_Roll_61_003.jpg",
"./NARA_RG_260_WLA_Roll 61_#1-32 (FINISHED)/NARA_RG_260_WLA_WIE-3165-45_Roll_61_002.jpg",
"./NARA_RG_260_WLA_Roll 61_#1-32 (FINISHED)/NARA_RG_260_WLA_WIE-3165-46_Roll_61_001.jpg",
"./NARA_RG_260_WLA_Roll 61_#1-32 (FINISHED)/NARA_RG_260_WLA_WIE-3165-59_Roll_61_011.jpg",
"./NARA_RG_260_WLA_Roll 61_#1-32 (FINISHED)/NARA_RG_260_WLA_WIE-3165-60_Roll_61_012.jpg",
"./NARA_RG_260_WLA_Roll 61_#1-32 (FINISHED)/NARA_RG_260_WLA_WIE-3165-61_Roll_61_014a.jpg",
"./NARA_RG_260_WLA_Roll 61_#1-32 (FINISHED)/NARA_RG_260_WLA_WIE-3165-61_Roll_61_014b.jpg",
"./NARA_RG_260_WLA_Roll 61_#1-32 (FINISHED)/NARA_RG_260_WLA_WIE-3165-62_Roll_61_013.jpg",
"./NARA_RG_260_WLA_Roll 61_#1-32 (FINISHED)/NARA_RG_260_WLA_WIE-3165-63_Roll_61_015.jpg",
"./NARA_RG_260_WLA_Roll 61_#1-32 (FINISHED)/NARA_RG_260_WLA_WIE-3165-64_Roll_61_017.jpg",
"./NARA_RG_260_WLA_Roll 61_#1-32 (FINISHED)/NARA_RG_260_WLA_WIE-3165-65_Roll_61_016.jpg",
"./NARA_RG_260_WLA_Roll 61_#1-32 (FINISHED)/NARA_RG_260_WLA_WIE-3165-66_Roll_61_018.jpg",
"./NARA_RG_260_WLA_Roll 61_#1-32 (FINISHED)/NARA_RG_260_WLA_WIE-3165-67_Roll_61_019.jpg",
"./NARA_RG_260_WLA_Roll 61_#1-32 (FINISHED)/NARA_RG_260_WLA_WIE-3165-68_Roll_61_020.jpg",
"./NARA_RG_260_WLA_Roll 61_#1-32 (FINISHED)/NARA_RG_260_WLA_WIE-3165-69_Roll_61_021.jpg",
"./NARA_RG_260_WLA_Roll 61_#1-32 (FINISHED)/NARA_RG_260_WLA_WIE-3165-70_Roll_61_022.jpg",
"./NARA_RG_260_WLA_Roll 61_#1-32 (FINISHED)/NARA_RG_260_WLA_WIE-3165-71_Roll_61_023.jpg",
"./NARA_RG_260_WLA_Roll 61_#1-32 (FINISHED)/NARA_RG_260_WLA_WIE-3165-72_Roll_61_025.jpg",
"./NARA_RG_260_WLA_Roll 61_#1-32 (FINISHED)/NARA_RG_260_WLA_WIE-3165-73_Roll_61_024.jpg",
"./NARA_RG_260_WLA_Roll 61_#1-32 (FINISHED)/NARA_RG_260_WLA_WIE-3165-75_Roll_61_029a.jpg",
"./NARA_RG_260_WLA_Roll 61_#1-32 (FINISHED)/NARA_RG_260_WLA_WIE-3165-75_Roll_61_029b.jpg",
"./NARA_RG_260_WLA_Roll 61_#1-32 (FINISHED)/NARA_RG_260_WLA_WIE-3165-76_Roll_61_028.jpg",
"./NARA_RG_260_WLA_Roll 61_#1-32 (FINISHED)/NARA_RG_260_WLA_WIE-3165-77_Roll_61_027.jpg",
"./NARA_RG_260_WLA_Roll 61_#1-32 (FINISHED)/NARA_RG_260_WLA_WIE-3165-77_[3165-74]_Roll_61_030.jpg",
"./NARA_RG_260_WLA_Roll 61_#1-32 (FINISHED)/NARA_RG_260_WLA_WIE-3165-78_Roll_61_026.jpg",
"./NARA_RG_260_WLA_Roll 61_#1-32 (FINISHED)/NARA_RG_260_WLA_WIE-3165-79_Roll_61_031.jpg",
"./NARA_RG_260_WLA_Roll 61_#1-32 (FINISHED)/NARA_RG_260_WLA_WIE-3165-80_Roll_61_032.jpg",
"./NARA_RG_260_WLA_Roll 62_#1-20 (FINISHED)/NARA_RG_260_WLA_WIE-1829_Roll_62_018.jpg",
"./NARA_RG_260_WLA_Roll 62_#1-20 (FINISHED)/NARA_RG_260_WLA_WIE-1830_Roll_62_019.jpg",
"./NARA_RG_260_WLA_Roll 62_#1-20 (FINISHED)/NARA_RG_260_WLA_WIE-1832_Roll_62_017.jpg",
"./NARA_RG_260_WLA_Roll 62_#1-20 (FINISHED)/NARA_RG_260_WLA_WIE-1833_Roll_62_016.jpg",
"./NARA_RG_260_WLA_Roll 62_#1-20 (FINISHED)/NARA_RG_260_WLA_WIE-1834_Roll_62_014.jpg",
"./NARA_RG_260_WLA_Roll 62_#1-20 (FINISHED)/NARA_RG_260_WLA_WIE-1835_Roll_62_015.jpg",
"./NARA_RG_260_WLA_Roll 62_#1-20 (FINISHED)/NARA_RG_260_WLA_WIE-1836_Roll_62_013.jpg",
"./NARA_RG_260_WLA_Roll 62_#1-20 (FINISHED)/NARA_RG_260_WLA_WIE-1837_Roll_62_011.jpg",
"./NARA_RG_260_WLA_Roll 62_#1-20 (FINISHED)/NARA_RG_260_WLA_WIE-1838_Roll_62_012.jpg",
"./NARA_RG_260_WLA_Roll 62_#1-20 (FINISHED)/NARA_RG_260_WLA_WIE-1838_Roll_62_020.jpg",
"./NARA_RG_260_WLA_Roll 62_#1-20 (FINISHED)/NARA_RG_260_WLA_WIE-3165-81-_Roll_62_002.jpg",
"./NARA_RG_260_WLA_Roll 62_#1-20 (FINISHED)/NARA_RG_260_WLA_WIE-3165-82_Roll_62_001.jpg",
"./NARA_RG_260_WLA_Roll 62_#1-20 (FINISHED)/NARA_RG_260_WLA_WIE-3165-83_Roll_62_003.jpg",
"./NARA_RG_260_WLA_Roll 62_#1-20 (FINISHED)/NARA_RG_260_WLA_WIE-3165-84_Roll_62_004.jpg",
"./NARA_RG_260_WLA_Roll 62_#1-20 (FINISHED)/NARA_RG_260_WLA_WIE-3165-85_Roll_62_005.jpg",
"./NARA_RG_260_WLA_Roll 62_#1-20 (FINISHED)/NARA_RG_260_WLA_WIE-3165-86_Roll_62_006.jpg",
"./NARA_RG_260_WLA_Roll 62_#1-20 (FINISHED)/NARA_RG_260_WLA_WIE-3165-87_Roll_62_007.jpg",
"./NARA_RG_260_WLA_Roll 62_#1-20 (FINISHED)/NARA_RG_260_WLA_WIE-3165-88_Roll_62_010.jpg",
"./NARA_RG_260_WLA_Roll 62_#1-20 (FINISHED)/NARA_RG_260_WLA_WIE-3165-89_Roll_62_008.jpg",
"./NARA_RG_260_WLA_Roll 62_#1-20 (FINISHED)/NARA_RG_260_WLA_WIE-3165-90_Roll_62_009.jpg",
"./NARA_RG_260_WLA_Roll 62_#1-20 (FINISHED)/NARA_RG_260_WLA_WIE-[unnumbered]_Roll_62_[unnumbered A].jpg",
"./NARA_RG_260_WLA_Roll 62_#1-20 (FINISHED)/NARA_RG_260_WLA_WIE-[unnumbered]_Roll_62_[unnumbered B].jpg",
"./NARA_RG_260_WLA_Roll 62_#1-20 (FINISHED)/NARA_RG_260_WLA_WIE-[unnumbered]_Roll_62_[unnumbered C).jpg",
"./NARA_RG_260_WLA_Roll 63_#1-14 (FINISHED)/NARA_RG_260_WLA_WIE-3384_Roll_63_1.jpg",
"./NARA_RG_260_WLA_Roll 63_#1-14 (FINISHED)/NARA_RG_260_WLA_WIE-3408_Roll_63_7.jpg",
"./NARA_RG_260_WLA_Roll 63_#1-14 (FINISHED)/NARA_RG_260_WLA_WIE-3618-1_[3618-4]_Roll_63_12.jpg",
"./NARA_RG_260_WLA_Roll 63_#1-14 (FINISHED)/NARA_RG_260_WLA_WIE-3618-2_[3618-1]_Roll_63_13.jpg",
"./NARA_RG_260_WLA_Roll 63_#1-14 (FINISHED)/NARA_RG_260_WLA_WIE-3618-3_Roll_63_11a.jpg",
"./NARA_RG_260_WLA_Roll 63_#1-14 (FINISHED)/NARA_RG_260_WLA_WIE-3618-3_Roll_63_11b.jpg",
"./NARA_RG_260_WLA_Roll 63_#1-14 (FINISHED)/NARA_RG_260_WLA_WIE-3618-5_Roll_63_9.jpg",
"./NARA_RG_260_WLA_Roll 63_#1-14 (FINISHED)/NARA_RG_260_WLA_WIE-3618-6_Roll_63_10.jpg",
"./NARA_RG_260_WLA_Roll 63_#1-14 (FINISHED)/NARA_RG_260_WLA_WIE-3649_Roll_63_2.jpg",
"./NARA_RG_260_WLA_Roll 63_#1-14 (FINISHED)/NARA_RG_260_WLA_WIE-3891_Roll 63_8.jpg",
"./NARA_RG_260_WLA_Roll 63_#1-14 (FINISHED)/NARA_RG_260_WLA_WIE-3892_Roll_63_4.jpg",
"./NARA_RG_260_WLA_Roll 63_#1-14 (FINISHED)/NARA_RG_260_WLA_WIE-3893_Roll_63_3.jpg",
"./NARA_RG_260_WLA_Roll 63_#1-14 (FINISHED)/NARA_RG_260_WLA_WIE-3894_Roll 63_6b.jpg",
"./NARA_RG_260_WLA_Roll 63_#1-14 (FINISHED)/NARA_RG_260_WLA_WIE-3894_Roll_63_6a.jpg",
"./NARA_RG_260_WLA_Roll 63_#1-14 (FINISHED)/NARA_RG_260_WLA_WIE-3895_Roll_63_5.jpg",
"./NARA_RG_260_WLA_Roll 63_#1-14 (FINISHED)/NARA_RG_260_WLA_WIE-[unnumbered]_[3618-2]_Roll_63_14.jpg",
"./NARA_RG_260_WLA_Roll 64_#1-11 (FINISHED)/NARA_RG_260_WLA_WIE-4021-1_[no_picture]_Roll_64_2.jpg",
"./NARA_RG_260_WLA_Roll 64_#1-11 (FINISHED)/NARA_RG_260_WLA_WIE-4021-2_Roll_64_3a.jpg",
"./NARA_RG_260_WLA_Roll 64_#1-11 (FINISHED)/NARA_RG_260_WLA_WIE-4021-2_Roll_64_3b.jpg",
"./NARA_RG_260_WLA_Roll 64_#1-11 (FINISHED)/NARA_RG_260_WLA_WIE-4022_Roll_64_1a.jpg",
"./NARA_RG_260_WLA_Roll 64_#1-11 (FINISHED)/NARA_RG_260_WLA_WIE-4022_Roll_64_1b.jpg",
"./NARA_RG_260_WLA_Roll 64_#1-11 (FINISHED)/NARA_RG_260_WLA_WIE-[unnumbered]_Roll_64_004.jpg",
"./NARA_RG_260_WLA_Roll 64_#1-11 (FINISHED)/NARA_RG_260_WLA_WIE-[unnumbered]_Roll_64_005.jpg",
"./NARA_RG_260_WLA_Roll 64_#1-11 (FINISHED)/NARA_RG_260_WLA_WIE-[unnumbered]_Roll_64_006.jpg",
"./NARA_RG_260_WLA_Roll 64_#1-11 (FINISHED)/NARA_RG_260_WLA_WIE-[unnumbered]_Roll_64_007.jpg",
"./NARA_RG_260_WLA_Roll 64_#1-11 (FINISHED)/NARA_RG_260_WLA_WIE-[unnumbered]_Roll_64_008.jpg",
"./NARA_RG_260_WLA_Roll 64_#1-11 (FINISHED)/NARA_RG_260_WLA_WIE-[unnumbered]_Roll_64_009.jpg",
"./NARA_RG_260_WLA_Roll 64_#1-11 (FINISHED)/NARA_RG_260_WLA_WIE-[unnumbered]_Roll_64_010.jpg",
"./NARA_RG_260_WLA_Roll 64_#1-11 (FINISHED)/NARA_RG_260_WLA_WIE-[unnumbered]_Roll_64_011.jpg",
"./NARA_RG_260_WLA_Roll 65_#1-5 (FINISHED)/NARA_RG_260_WLA_WIE-[unnumbered]_Roll_65_001.jpg",
"./NARA_RG_260_WLA_Roll 65_#1-5 (FINISHED)/NARA_RG_260_WLA_WIE-[unnumbered]_Roll_65_002.jpg",
"./NARA_RG_260_WLA_Roll 65_#1-5 (FINISHED)/NARA_RG_260_WLA_WIE-[unnumbered]_Roll_65_003.jpg",
"./NARA_RG_260_WLA_Roll 65_#1-5 (FINISHED)/NARA_RG_260_WLA_WIE-[unnumbered]_Roll_65_004.jpg",
"./NARA_RG_260_WLA_Roll 65_#1-5 (FINISHED)/NARA_RG_260_WLA_WIE-[unnumbered]_Roll_65_005a.jpg",
"./NARA_RG_260_WLA_Roll 65_#1-5 (FINISHED)/NARA_RG_260_WLA_WIE-[unnumbered]_Roll_65_005b.jpg",
"./NARA_RG_260_WLA_Roll 66_#1-25 (FINISHED)/NARA_RG_260_WLA_WIE-1391_[no_card]_Roll_66_024.jpg",
"./NARA_RG_260_WLA_Roll 66_#1-25 (FINISHED)/NARA_RG_260_WLA_WIE-1396_[no_card]_Roll_66_025.jpg",
"./NARA_RG_260_WLA_Roll 66_#1-25 (FINISHED)/NARA_RG_260_WLA_WIE-4421-1_Roll_74_013.jpg",
"./NARA_RG_260_WLA_Roll 66_#1-25 (FINISHED)/NARA_RG_260_WLA_WIE-4422-2_Roll_74_014.jpg",
"./NARA_RG_260_WLA_Roll 66_#1-25 (FINISHED)/NARA_RG_260_WLA_WIE-4422-4_Roll_74_012.jpg",
"./NARA_RG_260_WLA_Roll 66_#1-25 (FINISHED)/NARA_RG_260_WLA_WIE-4423-3_[no card]_Roll_74_011.jpg",
"./NARA_RG_260_WLA_Roll 66_#1-25 (FINISHED)/NARA_RG_260_WLA_WIE-4493_[no card]_Roll_74_009.jpg",
"./NARA_RG_260_WLA_Roll 66_#1-25 (FINISHED)/NARA_RG_260_WLA_WIE-4494_[no card]_Roll_74_008.jpg",
"./NARA_RG_260_WLA_Roll 66_#1-25 (FINISHED)/NARA_RG_260_WLA_WIE-4495_[no card]_Roll_74_007.jpg",
"./NARA_RG_260_WLA_Roll 66_#1-25 (FINISHED)/NARA_RG_260_WLA_WIE-4496_[no card]_Roll_74_006.jpg",
"./NARA_RG_260_WLA_Roll 66_#1-25 (FINISHED)/NARA_RG_260_WLA_WIE-4497_[no card]_Roll_74_005.jpg",
"./NARA_RG_260_WLA_Roll 66_#1-25 (FINISHED)/NARA_RG_260_WLA_WIE-4498_[no card]_Roll_74_004.jpg",
"./NARA_RG_260_WLA_Roll 66_#1-25 (FINISHED)/NARA_RG_260_WLA_WIE-4499_[no card]_Roll_74_003.jpg",
"./NARA_RG_260_WLA_Roll 66_#1-25 (FINISHED)/NARA_RG_260_WLA_WIE-4500_[no card]_Roll_74_002.jpg",
"./NARA_RG_260_WLA_Roll 66_#1-25 (FINISHED)/NARA_RG_260_WLA_WIE-4501_[no card]_Roll_74_001.jpg",
"./NARA_RG_260_WLA_Roll 66_#1-25 (FINISHED)/NARA_RG_260_WLA_WIE-4503_[no card]_Roll_74_010.jpg",
"./NARA_RG_260_WLA_Roll 66_#1-25 (FINISHED)/NARA_RG_260_WLA_WIE-4527_Roll_74_015.jpg",
"./NARA_RG_260_WLA_Roll 66_#1-25 (FINISHED)/NARA_RG_260_WLA_WIE-4528_Roll_74_016.jpg",
"./NARA_RG_260_WLA_Roll 66_#1-25 (FINISHED)/NARA_RG_260_WLA_WIE-4544_Roll_74_017.jpg",
"./NARA_RG_260_WLA_Roll 66_#1-25 (FINISHED)/NARA_RG_260_WLA_WIE-4545_Roll_74_021.jpg",
"./NARA_RG_260_WLA_Roll 66_#1-25 (FINISHED)/NARA_RG_260_WLA_WIE-4546_Roll_74_020.jpg",
"./NARA_RG_260_WLA_Roll 66_#1-25 (FINISHED)/NARA_RG_260_WLA_WIE-4547_Roll_74_019.jpg",
"./NARA_RG_260_WLA_Roll 66_#1-25 (FINISHED)/NARA_RG_260_WLA_WIE-4548_Roll_74_018.jpg",
"./NARA_RG_260_WLA_Roll 66_#1-25 (FINISHED)/NARA_RG_260_WLA_WIE-4549_Roll_74_022.jpg",
"./NARA_RG_260_WLA_Roll 66_#1-25 (FINISHED)/NARA_RG_260_WLA_WIE-4550_Roll_74_024.jpg",
"./NARA_RG_260_WLA_Roll 66_#1-25 (FINISHED)/NARA_RG_260_WLA_WIE-4551_Roll_74_023.jpg",
"./NARA_RG_260_WLA_Roll 66_#1-25 (FINISHED)/NARA_RG_260_WLA_WIE-7041_[no card]_Roll_74_028.jpg",
"./NARA_RG_260_WLA_Roll 66_#1-25 (FINISHED)/NARA_RG_260_WLA_WIE-7772_[no card]_Roll_74_030.jpg",
"./NARA_RG_260_WLA_Roll 66_#1-25 (FINISHED)/NARA_RG_260_WLA_WIE-7775-1_[no card]_Roll_74_025a.jpg",
"./NARA_RG_260_WLA_Roll 66_#1-25 (FINISHED)/NARA_RG_260_WLA_WIE-7775-2_[no card]_Roll_74_025b.jpg",
"./NARA_RG_260_WLA_Roll 66_#1-25 (FINISHED)/NARA_RG_260_WLA_WIE-7775-3_[no card]_Roll_74_025b.jpg",
"./NARA_RG_260_WLA_Roll 66_#1-25 (FINISHED)/NARA_RG_260_WLA_WIE-8138_Roll_[no card]_74_028.jpg",
"./NARA_RG_260_WLA_Roll 66_#1-25 (FINISHED)/NARA_RG_260_WLA_WIE-8153_[no card]_Roll_74_026.jpg",
"./NARA_RG_260_WLA_Roll 67_#1-32 (FINISHED)/NARA_RG_260_WLA_WIE-3623-11-F_Roll_67_004.jpg",
"./NARA_RG_260_WLA_Roll 67_#1-32 (FINISHED)/NARA_RG_260_WLA_WIE-3623-13-F_Roll_67_014.jpg",
"./NARA_RG_260_WLA_Roll 67_#1-32 (FINISHED)/NARA_RG_260_WLA_WIE-3623-16-F_Roll_67_007.jpg",
"./NARA_RG_260_WLA_Roll 67_#1-32 (FINISHED)/NARA_RG_260_WLA_WIE-3623-17-F_Roll_67_005.jpg",
"./NARA_RG_260_WLA_Roll 67_#1-32 (FINISHED)/NARA_RG_260_WLA_WIE-3623-19-F_Roll_67_008.jpg",
"./NARA_RG_260_WLA_Roll 67_#1-32 (FINISHED)/NARA_RG_260_WLA_WIE-3623-1_D_Roll_67_026.jpg",
"./NARA_RG_260_WLA_Roll 67_#1-32 (FINISHED)/NARA_RG_260_WLA_WIE-3623-2-D_Roll_67_027.jpg",
"./NARA_RG_260_WLA_Roll 67_#1-32 (FINISHED)/NARA_RG_260_WLA_WIE-3623-20-F_Roll_67_013.jpg",
"./NARA_RG_260_WLA_Roll 67_#1-32 (FINISHED)/NARA_RG_260_WLA_WIE-3623-25-F_Roll_67_009.jpg",
"./NARA_RG_260_WLA_Roll 67_#1-32 (FINISHED)/NARA_RG_260_WLA_WIE-3623-26-F_Roll_67_002.jpg",
"./NARA_RG_260_WLA_Roll 67_#1-32 (FINISHED)/NARA_RG_260_WLA_WIE-3623-27-F_Roll_67_001.jpg",
"./NARA_RG_260_WLA_Roll 67_#1-32 (FINISHED)/NARA_RG_260_WLA_WIE-3623-28-F_Roll_67_006.jpg",
"./NARA_RG_260_WLA_Roll 67_#1-32 (FINISHED)/NARA_RG_260_WLA_WIE-3623-3-D_Roll_67_028.jpg",
"./NARA_RG_260_WLA_Roll 67_#1-32 (FINISHED)/NARA_RG_260_WLA_WIE-3623-30-F_Roll_67_003.jpg",
"./NARA_RG_260_WLA_Roll 67_#1-32 (FINISHED)/NARA_RG_260_WLA_WIE-3623-32-F_Roll_67_012.jpg",
"./NARA_RG_260_WLA_Roll 67_#1-32 (FINISHED)/NARA_RG_260_WLA_WIE-3623-33-F_Roll_67_010.jpg",
"./NARA_RG_260_WLA_Roll 67_#1-32 (FINISHED)/NARA_RG_260_WLA_WIE-3623-34-F_Roll_67_011.jpg",
"./NARA_RG_260_WLA_Roll 67_#1-32 (FINISHED)/NARA_RG_260_WLA_WIE-3623-4_D_Roll_67_025.jpg",
"./NARA_RG_260_WLA_Roll 67_#1-32 (FINISHED)/NARA_RG_260_WLA_WIE-3623-5-D_Roll_67_015.jpg",
"./NARA_RG_260_WLA_Roll 67_#1-32 (FINISHED)/NARA_RG_260_WLA_WIE-3623-6_D_Roll_67_023.jpg",
"./NARA_RG_260_WLA_Roll 67_#1-32 (FINISHED)/NARA_RG_260_WLA_WIE-3623-7_D_Roll_67_022.jpg",
"./NARA_RG_260_WLA_Roll 67_#1-32 (FINISHED)/NARA_RG_260_WLA_WIE-3623-8_D_Roll_67_024.jpg",
"./NARA_RG_260_WLA_Roll 67_#1-32 (FINISHED)/NARA_RG_260_WLA_WIE-4273_Roll_67_020.jpg",
"./NARA_RG_260_WLA_Roll 67_#1-32 (FINISHED)/NARA_RG_260_WLA_WIE-4274_Roll_67_021.jpg",
"./NARA_RG_260_WLA_Roll 67_#1-32 (FINISHED)/NARA_RG_260_WLA_WIE-4275_Roll_67_017.jpg",
"./NARA_RG_260_WLA_Roll 67_#1-32 (FINISHED)/NARA_RG_260_WLA_WIE-4276_Roll_67_018a.jpg",
"./NARA_RG_260_WLA_Roll 67_#1-32 (FINISHED)/NARA_RG_260_WLA_WIE-4276_Roll_67_018b.jpg",
"./NARA_RG_260_WLA_Roll 67_#1-32 (FINISHED)/NARA_RG_260_WLA_WIE-4277_Roll_67_019.jpg",
"./NARA_RG_260_WLA_Roll 67_#1-32 (FINISHED)/NARA_RG_260_WLA_WIE-4278_Roll_67_016.jpg",
"./NARA_RG_260_WLA_Roll 67_#1-32 (FINISHED)/NARA_RG_260_WLA_WIE-4279_Roll_67_031.jpg",
"./NARA_RG_260_WLA_Roll 67_#1-32 (FINISHED)/NARA_RG_260_WLA_WIE-4280_Roll_67_030.jpg",
"./NARA_RG_260_WLA_Roll 67_#1-32 (FINISHED)/NARA_RG_260_WLA_WIE-4283_Roll_67_032.jpg",
"./NARA_RG_260_WLA_Roll 67_#1-32 (FINISHED)/NARA_RG_260_WLA_WIE-4285_Roll_67_029.jpg",
"./NARA_RG_260_WLA_Roll 68_#1-24 (FINISHED)/NARA_RG_260_WLA_WIE-3621-21-F_[3623-21-F]_Roll_68_017.jpg",
"./NARA_RG_260_WLA_Roll 68_#1-24 (FINISHED)/NARA_RG_260_WLA_WIE-3623-10-F_Roll_68_014.jpg",
"./NARA_RG_260_WLA_Roll 68_#1-24 (FINISHED)/NARA_RG_260_WLA_WIE-3623-12-F_Roll_68_024.jpg",
"./NARA_RG_260_WLA_Roll 68_#1-24 (FINISHED)/NARA_RG_260_WLA_WIE-3623-14-F_Roll_68_013.jpg",
"./NARA_RG_260_WLA_Roll 68_#1-24 (FINISHED)/NARA_RG_260_WLA_WIE-3623-15-F_Roll_68_021.jpg",
"./NARA_RG_260_WLA_Roll 68_#1-24 (FINISHED)/NARA_RG_260_WLA_WIE-3623-18-F_Roll_68_016.jpg",
"./NARA_RG_260_WLA_Roll 68_#1-24 (FINISHED)/NARA_RG_260_WLA_WIE-3623-22-F_Roll_68_023.jpg",
"./NARA_RG_260_WLA_Roll 68_#1-24 (FINISHED)/NARA_RG_260_WLA_WIE-3623-23-F_Roll_68_019.jpg",
"./NARA_RG_260_WLA_Roll 68_#1-24 (FINISHED)/NARA_RG_260_WLA_WIE-3623-24-F_Roll_68_015.jpg",
"./NARA_RG_260_WLA_Roll 68_#1-24 (FINISHED)/NARA_RG_260_WLA_WIE-3623-29-F_Roll_68_020.jpg",
"./NARA_RG_260_WLA_Roll 68_#1-24 (FINISHED)/NARA_RG_260_WLA_WIE-3623-31-F_Roll_68_022.jpg",
"./NARA_RG_260_WLA_Roll 68_#1-24 (FINISHED)/NARA_RG_260_WLA_WIE-3623-9-F_Roll_68_018.jpg",
"./NARA_RG_260_WLA_Roll 68_#1-24 (FINISHED)/NARA_RG_260_WLA_WIE-4281_Roll_68_002.jpg",
"./NARA_RG_260_WLA_Roll 68_#1-24 (FINISHED)/NARA_RG_260_WLA_WIE-4282_Roll_68_003.jpg",
"./NARA_RG_260_WLA_Roll 68_#1-24 (FINISHED)/NARA_RG_260_WLA_WIE-4284_Roll_68_001.jpg",
"./NARA_RG_260_WLA_Roll 68_#1-24 (FINISHED)/NARA_RG_260_WLA_WIE-4286_Roll_68_012.jpg",
"./NARA_RG_260_WLA_Roll 68_#1-24 (FINISHED)/NARA_RG_260_WLA_WIE-4287_Roll_68_009.jpg",
"./NARA_RG_260_WLA_Roll 68_#1-24 (FINISHED)/NARA_RG_260_WLA_WIE-4288_Roll_68_010.jpg",
"./NARA_RG_260_WLA_Roll 68_#1-24 (FINISHED)/NARA_RG_260_WLA_WIE-4289_Roll_68_005.jpg",
"./NARA_RG_260_WLA_Roll 68_#1-24 (FINISHED)/NARA_RG_260_WLA_WIE-4290_Roll_68_007.jpg",
"./NARA_RG_260_WLA_Roll 68_#1-24 (FINISHED)/NARA_RG_260_WLA_WIE-4291_Roll 68_006.jpg",
"./NARA_RG_260_WLA_Roll 68_#1-24 (FINISHED)/NARA_RG_260_WLA_WIE-4292_Roll_68_004.jpg",
"./NARA_RG_260_WLA_Roll 68_#1-24 (FINISHED)/NARA_RG_260_WLA_WIE-4293_Roll_68_008.jpg",
"./NARA_RG_260_WLA_Roll 68_#1-24 (FINISHED)/NARA_RG_260_WLA_WIE-4294_Roll_68_011.jpg",
"./NARA_RG_260_WLA_Roll 69_#1-24 (FINISHED)/NARA_RG_260_WLA_WIE-2854_Roll_69_005.jpg",
"./NARA_RG_260_WLA_Roll 69_#1-24 (FINISHED)/NARA_RG_260_WLA_WIE-3017_Roll_69_002.jpg",
"./NARA_RG_260_WLA_Roll 69_#1-24 (FINISHED)/NARA_RG_260_WLA_WIE-4198_Roll_69_004.jpg",
"./NARA_RG_260_WLA_Roll 69_#1-24 (FINISHED)/NARA_RG_260_WLA_WIE-4259_Roll_69_003.jpg",
"./NARA_RG_260_WLA_Roll 69_#1-24 (FINISHED)/NARA_RG_260_WLA_WIE-4298_Roll_69_006.jpg",
"./NARA_RG_260_WLA_Roll 69_#1-24 (FINISHED)/NARA_RG_260_WLA_WIE-4299_Roll_69_007.jpg",
"./NARA_RG_260_WLA_Roll 69_#1-24 (FINISHED)/NARA_RG_260_WLA_WIE-4300_Roll_69_024.jpg",
"./NARA_RG_260_WLA_Roll 69_#1-24 (FINISHED)/NARA_RG_260_WLA_WIE-4305-2_Roll_69_013.jpg",
"./NARA_RG_260_WLA_Roll 69_#1-24 (FINISHED)/NARA_RG_260_WLA_WIE-4305-3_Roll_69_015.jpg",
"./NARA_RG_260_WLA_Roll 69_#1-24 (FINISHED)/NARA_RG_260_WLA_WIE-4305-4_Roll_69_014.jpg",
"./NARA_RG_260_WLA_Roll 69_#1-24 (FINISHED)/NARA_RG_260_WLA_WIE-4305-5_Roll_69_017.jpg",
"./NARA_RG_260_WLA_Roll 69_#1-24 (FINISHED)/NARA_RG_260_WLA_WIE-4305-6_Roll_69_016.jpg",
"./NARA_RG_260_WLA_Roll 69_#1-24 (FINISHED)/NARA_RG_260_WLA_WIE-4305-7_Roll_69_018.jpg",
"./NARA_RG_260_WLA_Roll 69_#1-24 (FINISHED)/NARA_RG_260_WLA_WIE-4305-8_Roll_69_019.jpg",
"./NARA_RG_260_WLA_Roll 69_#1-24 (FINISHED)/NARA_RG_260_WLA_WIE-4325_Roll_69_001.jpg",
"./NARA_RG_260_WLA_Roll 69_#1-24 (FINISHED)/NARA_RG_260_WLA_WIE-4373_Roll_69_010.jpg",
"./NARA_RG_260_WLA_Roll 69_#1-24 (FINISHED)/NARA_RG_260_WLA_WIE-4375_Roll_69_008.jpg",
"./NARA_RG_260_WLA_Roll 69_#1-24 (FINISHED)/NARA_RG_260_WLA_WIE-4378-1_[4378-2]_Roll_69_022.jpg",
"./NARA_RG_260_WLA_Roll 69_#1-24 (FINISHED)/NARA_RG_260_WLA_WIE-4378_[4378-1]_Roll_69_021.jpg",
"./NARA_RG_260_WLA_Roll 69_#1-24 (FINISHED)/NARA_RG_260_WLA_WIE-4380_Roll_69_009.jpg",
"./NARA_RG_260_WLA_Roll 69_#1-24 (FINISHED)/NARA_RG_260_WLA_WIE-4381_Roll_69_011.jpg",
"./NARA_RG_260_WLA_Roll 69_#1-24 (FINISHED)/NARA_RG_260_WLA_WIE-4388-2_[4388-1]_Roll_69_023.jpg",
"./NARA_RG_260_WLA_Roll 69_#1-24 (FINISHED)/NARA_RG_260_WLA_WIE-4411_Roll_69_022.jpg",
"./NARA_RG_260_WLA_Roll 69_#1-24 (FINISHED)/NARA_RG_260_WLA_WIE-4412_Roll_69_012.jpg",
"./NARA_RG_260_WLA_Roll 69_#1-24 (FINISHED)/NARA_RG_260_WLA_WIE-[unnumbered]_[4178]_Roll_69-25_[6-1].jpg",
"./NARA_RG_260_WLA_Roll 70_#1-16 (FINISHED)/NARA_RG_260_WLA_WIE-2004-4_Roll_70_012.jpg",
"./NARA_RG_260_WLA_Roll 70_#1-16 (FINISHED)/NARA_RG_260_WLA_WIE-4194_[4195]_Roll_70_10.jpg",
"./NARA_RG_260_WLA_Roll 70_#1-16 (FINISHED)/NARA_RG_260_WLA_WIE-4195_[4194]_Roll_70_011.jpg",
"./NARA_RG_260_WLA_Roll 70_#1-16 (FINISHED)/NARA_RG_260_WLA_WIE-4427_Roll_70_001.jpg",
"./NARA_RG_260_WLA_Roll 70_#1-16 (FINISHED)/NARA_RG_260_WLA_WIE-4428_Roll_70_002.jpg",
"./NARA_RG_260_WLA_Roll 70_#1-16 (FINISHED)/NARA_RG_260_WLA_WIE-4465_Roll_70_015.jpg",
"./NARA_RG_260_WLA_Roll 70_#1-16 (FINISHED)/NARA_RG_260_WLA_WIE-680-1_Roll_70_013.jpg",
"./NARA_RG_260_WLA_Roll 70_#1-16 (FINISHED)/NARA_RG_260_WLA_WIE-680-2_Roll_70_014.jpg",
"./NARA_RG_260_WLA_Roll 70_#1-16 (FINISHED)/NARA_RG_260_WLA_WIE-[unknown]_Roll_70_016.jpg",
"./NARA_RG_260_WLA_Roll 70_#1-16 (FINISHED)/NARA_RG_260_WLA_WIE-[unknown]_[unknown]_Roll_70_003.jpg",
"./NARA_RG_260_WLA_Roll 70_#1-16 (FINISHED)/NARA_RG_260_WLA_WIE-[unknown]_[unknown]_Roll_70_004.jpg",
"./NARA_RG_260_WLA_Roll 70_#1-16 (FINISHED)/NARA_RG_260_WLA_WIE-[unknown]_[unknown]_Roll_70_005.jpg",
"./NARA_RG_260_WLA_Roll 70_#1-16 (FINISHED)/NARA_RG_260_WLA_WIE-[unknown]_[unknown]_Roll_70_006.jpg",
"./NARA_RG_260_WLA_Roll 70_#1-16 (FINISHED)/NARA_RG_260_WLA_WIE-[unknown]_[unknown]_Roll_70_007.jpg",
"./NARA_RG_260_WLA_Roll 70_#1-16 (FINISHED)/NARA_RG_260_WLA_WIE-[unknown]_[unknown]_Roll_70_008.jpg",
"./NARA_RG_260_WLA_Roll 70_#1-16 (FINISHED)/NARA_RG_260_WLA_WIE-[unknown]_[unknown]_Roll_70_009.jpg",
"./NARA_RG_260_WLA_Roll 71_#1-24 (FINISHED)/NARA_RG_260_WLA_WIE-4439-6_[no_photo]_Roll_71_002.jpg",
"./NARA_RG_260_WLA_Roll 71_#1-24 (FINISHED)/NARA_RG_260_WLA_WIE-4439-8_[no_photo]_Roll_71_001.jpg",
"./NARA_RG_260_WLA_Roll 71_#1-24 (FINISHED)/NARA_RG_260_WLA_WIE-4443-10_[no_photo]_Roll_71_004a.jpg",
"./NARA_RG_260_WLA_Roll 71_#1-24 (FINISHED)/NARA_RG_260_WLA_WIE-4443-2_Roll_71_022.jpg",
"./NARA_RG_260_WLA_Roll 71_#1-24 (FINISHED)/NARA_RG_260_WLA_WIE-4443-4_[no_photo]_Roll_71_003d.jpg",
"./NARA_RG_260_WLA_Roll 71_#1-24 (FINISHED)/NARA_RG_260_WLA_WIE-4443-5_[no_photo]_Roll_71_003a.jpg",
"./NARA_RG_260_WLA_Roll 71_#1-24 (FINISHED)/NARA_RG_260_WLA_WIE-4443-6_[no_photo]_Roll_71_003b.jpg",
"./NARA_RG_260_WLA_Roll 71_#1-24 (FINISHED)/NARA_RG_260_WLA_WIE-4443-7_[no_photo]_Roll_71_004d.jpg",
"./NARA_RG_260_WLA_Roll 71_#1-24 (FINISHED)/NARA_RG_260_WLA_WIE-4443-8_[no_photo]_Roll_71_004e.jpg",
"./NARA_RG_260_WLA_Roll 71_#1-24 (FINISHED)/NARA_RG_260_WLA_WIE-4443-9_[no_photo]_Roll_71_004c.jpg",
"./NARA_RG_260_WLA_Roll 71_#1-24 (FINISHED)/NARA_RG_260_WLA_WIE-4447-1_Roll_71_013.jpg",
"./NARA_RG_260_WLA_Roll 71_#1-24 (FINISHED)/NARA_RG_260_WLA_WIE-4447-2_Roll_71_014.jpg",
"./NARA_RG_260_WLA_Roll 71_#1-24 (FINISHED)/NARA_RG_260_WLA_WIE-4449-18_[no_photo]_Roll_71_003c.jpg",
"./NARA_RG_260_WLA_Roll 71_#1-24 (FINISHED)/NARA_RG_260_WLA_WIE-4449-19_Roll_71_007.jpg",
"./NARA_RG_260_WLA_Roll 71_#1-24 (FINISHED)/NARA_RG_260_WLA_WIE-4449-20_Roll_71_008a.jpg",
"./NARA_RG_260_WLA_Roll 71_#1-24 (FINISHED)/NARA_RG_260_WLA_WIE-4449-20_Roll_71_008b.jpg",
"./NARA_RG_260_WLA_Roll 71_#1-24 (FINISHED)/NARA_RG_260_WLA_WIE-4449-21_[no_photo]_Roll_71_004b.jpg",
"./NARA_RG_260_WLA_Roll 71_#1-24 (FINISHED)/NARA_RG_260_WLA_WIE-4449-22_Roll_71_009.jpg",
"./NARA_RG_260_WLA_Roll 71_#1-24 (FINISHED)/NARA_RG_260_WLA_WIE-4449-23_Roll_71_unnumbered_[Roll_71_005a].jpg",
"./NARA_RG_260_WLA_Roll 71_#1-24 (FINISHED)/NARA_RG_260_WLA_WIE-4449-5_Roll_71_unnumbered_[Roll_71_005b].jpg",
"./NARA_RG_260_WLA_Roll 71_#1-24 (FINISHED)/NARA_RG_260_WLA_WIE-4449-5_[4439-9]_Roll_71_005b_[Roll_71_006b].jpg",
"./NARA_RG_260_WLA_Roll 71_#1-24 (FINISHED)/NARA_RG_260_WLA_WIE-4455_Roll_71_017.jpg",
"./NARA_RG_260_WLA_Roll 71_#1-24 (FINISHED)/NARA_RG_260_WLA_WIE-4456_Roll_71_021.jpg",
"./NARA_RG_260_WLA_Roll 71_#1-24 (FINISHED)/NARA_RG_260_WLA_WIE-4458-1_Roll_71_016.jpg",
"./NARA_RG_260_WLA_Roll 71_#1-24 (FINISHED)/NARA_RG_260_WLA_WIE-4458-2_Roll_71_015.jpg",
"./NARA_RG_260_WLA_Roll 71_#1-24 (FINISHED)/NARA_RG_260_WLA_WIE-4466-1_[no_photo]_Roll_71_018.jpg",
"./NARA_RG_260_WLA_Roll 71_#1-24 (FINISHED)/NARA_RG_260_WLA_WIE-4466-2_Roll_71_019.jpg",
"./NARA_RG_260_WLA_Roll 71_#1-24 (FINISHED)/NARA_RG_260_WLA_WIE-4466-3_Roll_71_020.jpg",
"./NARA_RG_260_WLA_Roll 71_#1-24 (FINISHED)/NARA_RG_260_WLA_WIE-4467_[no_photo]_Roll_71_010.jpg",
"./NARA_RG_260_WLA_Roll 71_#1-24 (FINISHED)/NARA_RG_260_WLA_WIE-4468_Roll_71_011.jpg",
"./NARA_RG_260_WLA_Roll 71_#1-24 (FINISHED)/NARA_RG_260_WLA_WIE-4474_Roll_71_023.jpg",
"./NARA_RG_260_WLA_Roll 72_#1-32 (FINISHED)/NARA_RG_260_WLA_WIE-2120_Roll_72_012.jpg",
"./NARA_RG_260_WLA_Roll 72_#1-32 (FINISHED)/NARA_RG_260_WLA_WIE-2125_Roll_72_018.jpg",
"./NARA_RG_260_WLA_Roll 72_#1-32 (FINISHED)/NARA_RG_260_WLA_WIE-2445_Roll_72_007.jpg",
"./NARA_RG_260_WLA_Roll 72_#1-32 (FINISHED)/NARA_RG_260_WLA_WIE-2721_Roll_72_025.jpg",
"./NARA_RG_260_WLA_Roll 72_#1-32 (FINISHED)/NARA_RG_260_WLA_WIE-3113_Roll_72_019.jpg",
"./NARA_RG_260_WLA_Roll 72_#1-32 (FINISHED)/NARA_RG_260_WLA_WIE-3132_Roll_72_011.jpg",
"./NARA_RG_260_WLA_Roll 72_#1-32 (FINISHED)/NARA_RG_260_WLA_WIE-3325-21_Roll_72_027.jpg",
"./NARA_RG_260_WLA_Roll 72_#1-32 (FINISHED)/NARA_RG_260_WLA_WIE-3465_Roll_72_023.jpg",
"./NARA_RG_260_WLA_Roll 72_#1-32 (FINISHED)/NARA_RG_260_WLA_WIE-3466_Roll_72_022.jpg",
"./NARA_RG_260_WLA_Roll 72_#1-32 (FINISHED)/NARA_RG_260_WLA_WIE-4065-1_[4065-1a]_Roll_72_031.jpg",
"./NARA_RG_260_WLA_Roll 72_#1-32 (FINISHED)/NARA_RG_260_WLA_WIE-4065-3_Roll_72_024.jpg",
"./NARA_RG_260_WLA_Roll 72_#1-32 (FINISHED)/NARA_RG_260_WLA_WIE-4385_Roll_72_009.jpg",
"./NARA_RG_260_WLA_Roll 72_#1-32 (FINISHED)/NARA_RG_260_WLA_WIE-4455_Roll_72_014.jpg",
"./NARA_RG_260_WLA_Roll 72_#1-32 (FINISHED)/NARA_RG_260_WLA_WIE-4462-2_Roll_72_004.jpg",
"./NARA_RG_260_WLA_Roll 72_#1-32 (FINISHED)/NARA_RG_260_WLA_WIE-4466-26_[no_card]_Roll_72_026.jpg",
"./NARA_RG_260_WLA_Roll 72_#1-32 (FINISHED)/NARA_RG_260_WLA_WIE-4466-3_Roll_72_008.jpg",
"./NARA_RG_260_WLA_Roll 72_#1-32 (FINISHED)/NARA_RG_260_WLA_WIE-4486_Roll_72_002.jpg",
"./NARA_RG_260_WLA_Roll 72_#1-32 (FINISHED)/NARA_RG_260_WLA_WIE-4493 or 123_[1869-2]_Roll_72_006.jpg",
"./NARA_RG_260_WLA_Roll 72_#1-32 (FINISHED)/NARA_RG_260_WLA_WIE-4503-2_[no_card]_Roll_72_003.jpg",
"./NARA_RG_260_WLA_Roll 72_#1-32 (FINISHED)/NARA_RG_260_WLA_WIE-4516_[no_card]_Roll_72_001.jpg",
"./NARA_RG_260_WLA_Roll 72_#1-32 (FINISHED)/NARA_RG_260_WLA_WIE-4520_[no_card]_Roll_72_032.jpg",
"./NARA_RG_260_WLA_Roll 72_#1-32 (FINISHED)/NARA_RG_260_WLA_WIE-4529_Roll_72_015.jpg",
"./NARA_RG_260_WLA_Roll 72_#1-32 (FINISHED)/NARA_RG_260_WLA_WIE-4530_Roll_72_016.jpg",
"./NARA_RG_260_WLA_Roll 72_#1-32 (FINISHED)/NARA_RG_260_WLA_WIE-4531_Roll_72_021.jpg",
"./NARA_RG_260_WLA_Roll 72_#1-32 (FINISHED)/NARA_RG_260_WLA_WIE-4532_Roll_72_017.jpg",
"./NARA_RG_260_WLA_Roll 72_#1-32 (FINISHED)/NARA_RG_260_WLA_WIE-4535_Roll_72_030.jpg",
"./NARA_RG_260_WLA_Roll 72_#1-32 (FINISHED)/NARA_RG_260_WLA_WIE-4539_Roll_72_005.jpg",
"./NARA_RG_260_WLA_Roll 72_#1-32 (FINISHED)/NARA_RG_260_WLA_WIE-4540_Roll_72_013.jpg",
"./NARA_RG_260_WLA_Roll 72_#1-32 (FINISHED)/NARA_RG_260_WLA_WIE-4541_Roll_72_020.jpg",
"./NARA_RG_260_WLA_Roll 72_#1-32 (FINISHED)/NARA_RG_260_WLA_WIE-4542_Roll_72_028.jpg",
"./NARA_RG_260_WLA_Roll 72_#1-32 (FINISHED)/NARA_RG_260_WLA_WIE-4543_Roll_72_029.jpg",
"./NARA_RG_260_WLA_Roll 73_#1-29 (FINISHED)/NARA_RG_260_WLA_WIE-3445_Roll_73_007.jpg",
"./NARA_RG_260_WLA_Roll 73_#1-29 (FINISHED)/NARA_RG_260_WLA_WIE-3446_Roll_73_006.jpg",
"./NARA_RG_260_WLA_Roll 73_#1-29 (FINISHED)/NARA_RG_260_WLA_WIE-4305-13_Roll_73_023.jpg",
"./NARA_RG_260_WLA_Roll 73_#1-29 (FINISHED)/NARA_RG_260_WLA_WIE-4305-17_Roll_73_022.jpg",
"./NARA_RG_260_WLA_Roll 73_#1-29 (FINISHED)/NARA_RG_260_WLA_WIE-4305-18_Roll_73_014.jpg",
"./NARA_RG_260_WLA_Roll 73_#1-29 (FINISHED)/NARA_RG_260_WLA_WIE-4305-19_Roll_73_020.jpg",
"./NARA_RG_260_WLA_Roll 73_#1-29 (FINISHED)/NARA_RG_260_WLA_WIE-4305-20_Roll_73_021.jpg",
"./NARA_RG_260_WLA_Roll 73_#1-29 (FINISHED)/NARA_RG_260_WLA_WIE-4423-10_and_4423-9_Roll_73_012&13.jpg",
"./NARA_RG_260_WLA_Roll 73_#1-29 (FINISHED)/NARA_RG_260_WLA_WIE-4423-1_Roll_73_018.jpg",
"./NARA_RG_260_WLA_Roll 73_#1-29 (FINISHED)/NARA_RG_260_WLA_WIE-4423-2_Roll_73_019.jpg",
"./NARA_RG_260_WLA_Roll 73_#1-29 (FINISHED)/NARA_RG_260_WLA_WIE-4423-4_Roll_73_015.jpg",
"./NARA_RG_260_WLA_Roll 73_#1-29 (FINISHED)/NARA_RG_260_WLA_WIE-4423-5_Roll_73_016.jpg",
"./NARA_RG_260_WLA_Roll 73_#1-29 (FINISHED)/NARA_RG_260_WLA_WIE-4423-6_Roll_73_010.jpg",
"./NARA_RG_260_WLA_Roll 73_#1-29 (FINISHED)/NARA_RG_260_WLA_WIE-4423-7_Roll_73_011.jpg",
"./NARA_RG_260_WLA_Roll 73_#1-29 (FINISHED)/NARA_RG_260_WLA_WIE-4423-8_Roll_73_017.jpg",
"./NARA_RG_260_WLA_Roll 73_#1-29 (FINISHED)/NARA_RG_260_WLA_WIE-4424_[4424-1-10]_Roll_73_029.jpg",
"./NARA_RG_260_WLA_Roll 73_#1-29 (FINISHED)/NARA_RG_260_WLA_WIE-4452-2_[4452-1-2]_Roll_73_009.jpg",
"./NARA_RG_260_WLA_Roll 73_#1-29 (FINISHED)/NARA_RG_260_WLA_WIE-4459_Roll_73_024.jpg",
"./NARA_RG_260_WLA_Roll 73_#1-29 (FINISHED)/NARA_RG_260_WLA_WIE-4490_[no_card]_Roll_73_026.jpg",
"./NARA_RG_260_WLA_Roll 73_#1-29 (FINISHED)/NARA_RG_260_WLA_WIE-4491_Roll_73_027.jpg",
"./NARA_RG_260_WLA_Roll 73_#1-29 (FINISHED)/NARA_RG_260_WLA_WIE-4492_[no_card]_Roll_73_025.jpg",
"./NARA_RG_260_WLA_Roll 73_#1-29 (FINISHED)/NARA_RG_260_WLA_WIE-4517_[no_card]_Roll 73_002a.jpg",
"./NARA_RG_260_WLA_Roll 73_#1-29 (FINISHED)/NARA_RG_260_WLA_WIE-4517_[no_card]_Roll 73_002b.jpg",
"./NARA_RG_260_WLA_Roll 73_#1-29 (FINISHED)/NARA_RG_260_WLA_WIE-4518_[no_card]_Roll 73_003.jpg",
"./NARA_RG_260_WLA_Roll 73_#1-29 (FINISHED)/NARA_RG_260_WLA_WIE-4519_[no_card]_Roll 73_04.jpg",
"./NARA_RG_260_WLA_Roll 73_#1-29 (FINISHED)/NARA_RG_260_WLA_WIE-4521_[no_card]_Roll 73_001.jpg",
"./NARA_RG_260_WLA_Roll 73_#1-29 (FINISHED)/NARA_RG_260_WLA_WIE-4531_Roll_73_029.jpg",
"./NARA_RG_260_WLA_Roll 73_#1-29 (FINISHED)/NARA_RG_260_WLA_WIE-4533_Roll_73_005.jpg",
"./NARA_RG_260_WLA_Roll 73_#1-29 (FINISHED)/NARA_RG_260_WLA_WIE-4536_and_4537_Roll_73_008.jpg",
"./NARA_RG_260_WLA_Roll 74_#1-30 (FINISHED)/NARA_RG_260_WLA_WIE-415_[no_card]_Roll_74_027.jpg",
"./NARA_RG_260_WLA_Roll 74_#1-30 (FINISHED)/NARA_RG_260_WLA_WIE-4421-1_Roll_74_013.jpg",
"./NARA_RG_260_WLA_Roll 74_#1-30 (FINISHED)/NARA_RG_260_WLA_WIE-4422-2_Roll_74_014.jpg",
"./NARA_RG_260_WLA_Roll 74_#1-30 (FINISHED)/NARA_RG_260_WLA_WIE-4422-4_Roll_74_012.jpg",
"./NARA_RG_260_WLA_Roll 74_#1-30 (FINISHED)/NARA_RG_260_WLA_WIE-4423-3_[no_card]_Roll_74_011.jpg",
"./NARA_RG_260_WLA_Roll 74_#1-30 (FINISHED)/NARA_RG_260_WLA_WIE-4493_[no_card]_Roll_74_009.jpg",
"./NARA_RG_260_WLA_Roll 74_#1-30 (FINISHED)/NARA_RG_260_WLA_WIE-4494_[no_card]_Roll_74_008.jpg",
"./NARA_RG_260_WLA_Roll 74_#1-30 (FINISHED)/NARA_RG_260_WLA_WIE-4495_[no_card]_Roll_74_007.jpg",
"./NARA_RG_260_WLA_Roll 74_#1-30 (FINISHED)/NARA_RG_260_WLA_WIE-4496_[no_card]_Roll_74_006.jpg",
"./NARA_RG_260_WLA_Roll 74_#1-30 (FINISHED)/NARA_RG_260_WLA_WIE-4497_[no_card]_Roll_74_005.jpg",
"./NARA_RG_260_WLA_Roll 74_#1-30 (FINISHED)/NARA_RG_260_WLA_WIE-4498_[no_card]_Roll_74_004.jpg",
"./NARA_RG_260_WLA_Roll 74_#1-30 (FINISHED)/NARA_RG_260_WLA_WIE-4499_[no_card]_Roll_74_003.jpg",
"./NARA_RG_260_WLA_Roll 74_#1-30 (FINISHED)/NARA_RG_260_WLA_WIE-4500_[no_card]_Roll_74_002.jpg",
"./NARA_RG_260_WLA_Roll 74_#1-30 (FINISHED)/NARA_RG_260_WLA_WIE-4501_[no_card]_Roll_74_001.jpg",
"./NARA_RG_260_WLA_Roll 74_#1-30 (FINISHED)/NARA_RG_260_WLA_WIE-4503_[no_card]_Roll_74_010.jpg",
"./NARA_RG_260_WLA_Roll 74_#1-30 (FINISHED)/NARA_RG_260_WLA_WIE-4527_Roll_74_015.jpg",
"./NARA_RG_260_WLA_Roll 74_#1-30 (FINISHED)/NARA_RG_260_WLA_WIE-4528_Roll_74_016.jpg",
"./NARA_RG_260_WLA_Roll 74_#1-30 (FINISHED)/NARA_RG_260_WLA_WIE-4544_Roll_74_017.jpg",
"./NARA_RG_260_WLA_Roll 74_#1-30 (FINISHED)/NARA_RG_260_WLA_WIE-4545_Roll_74_021.jpg",
"./NARA_RG_260_WLA_Roll 74_#1-30 (FINISHED)/NARA_RG_260_WLA_WIE-4546_Roll_74_020.jpg",
"./NARA_RG_260_WLA_Roll 74_#1-30 (FINISHED)/NARA_RG_260_WLA_WIE-4547_Roll_74_019.jpg",
"./NARA_RG_260_WLA_Roll 74_#1-30 (FINISHED)/NARA_RG_260_WLA_WIE-4548_Roll_74_018.jpg",
"./NARA_RG_260_WLA_Roll 74_#1-30 (FINISHED)/NARA_RG_260_WLA_WIE-4549_Roll_74_022.jpg",
"./NARA_RG_260_WLA_Roll 74_#1-30 (FINISHED)/NARA_RG_260_WLA_WIE-4550_Roll_74_024.jpg",
"./NARA_RG_260_WLA_Roll 74_#1-30 (FINISHED)/NARA_RG_260_WLA_WIE-4551_Roll_74_023.jpg",
"./NARA_RG_260_WLA_Roll 74_#1-30 (FINISHED)/NARA_RG_260_WLA_WIE-7041_[no_card]_Roll_74_028.jpg",
"./NARA_RG_260_WLA_Roll 74_#1-30 (FINISHED)/NARA_RG_260_WLA_WIE-7772_[no_card]_Roll_74_030.jpg",
"./NARA_RG_260_WLA_Roll 74_#1-30 (FINISHED)/NARA_RG_260_WLA_WIE-7775-1_[no_card]_Roll_74_025a.jpg",
"./NARA_RG_260_WLA_Roll 74_#1-30 (FINISHED)/NARA_RG_260_WLA_WIE-7775-2_[no_card]_Roll_74_025b.jpg",
"./NARA_RG_260_WLA_Roll 74_#1-30 (FINISHED)/NARA_RG_260_WLA_WIE-7775-3_[no_card]_Roll_74_025b.jpg",
"./NARA_RG_260_WLA_Roll 74_#1-30 (FINISHED)/NARA_RG_260_WLA_WIE-8138_[no_card]_Roll_74_028.jpg",
"./NARA_RG_260_WLA_Roll 74_#1-30 (FINISHED)/NARA_RG_260_WLA_WIE-8153_[no_card]_Roll_74_026.jpg",
"./NARA_RG_260_WLA_Roll 75_#1-35 (FINISHED)/NARA_RG_260_WLA_WIE-1899_[no_card]_Roll_75_019.jpg",
"./NARA_RG_260_WLA_Roll 75_#1-35 (FINISHED)/NARA_RG_260_WLA_WIE-2004_[no_card]_Roll_75_015.jpg",
"./NARA_RG_260_WLA_Roll 75_#1-35 (FINISHED)/NARA_RG_260_WLA_WIE-3063_[no_card]_Roll_75_031.jpg",
"./NARA_RG_260_WLA_Roll 75_#1-35 (FINISHED)/NARA_RG_260_WLA_WIE-3119_[no_photo]_Roll_75_021.jpg",
"./NARA_RG_260_WLA_Roll 75_#1-35 (FINISHED)/NARA_RG_260_WLA_WIE-424_[no_card]_Roll_75_003.jpg",
"./NARA_RG_260_WLA_Roll 75_#1-35 (FINISHED)/NARA_RG_260_WLA_WIE-457_[no_card]_Roll_75_006.jpg",
"./NARA_RG_260_WLA_Roll 75_#1-35 (FINISHED)/NARA_RG_260_WLA_WIE-470_[no_card]_Roll_75_001.jpg",
"./NARA_RG_260_WLA_Roll 75_#1-35 (FINISHED)/NARA_RG_260_WLA_WIE-489_[no_card]_Roll_75_028.jpg",
"./NARA_RG_260_WLA_Roll 75_#1-35 (FINISHED)/NARA_RG_260_WLA_WIE-491_[no_card]_Roll_75_029.jpg",
"./NARA_RG_260_WLA_Roll 75_#1-35 (FINISHED)/NARA_RG_260_WLA_WIE-508_[no_card]_Roll_75_004.jpg",
"./NARA_RG_260_WLA_Roll 75_#1-35 (FINISHED)/NARA_RG_260_WLA_WIE-5543_[no_card]_Roll_75_016.jpg",
"./NARA_RG_260_WLA_Roll 75_#1-35 (FINISHED)/NARA_RG_260_WLA_WIE-5543_[no_card]_Roll_75_020.jpg",
"./NARA_RG_260_WLA_Roll 75_#1-35 (FINISHED)/NARA_RG_260_WLA_WIE-5586_[unknown]_Roll_75_002.jpg",
"./NARA_RG_260_WLA_Roll 75_#1-35 (FINISHED)/NARA_RG_260_WLA_WIE-5936_[unknown]_Roll_75_032.jpg",
"./NARA_RG_260_WLA_Roll 75_#1-35 (FINISHED)/NARA_RG_260_WLA_WIE-7063_[no_card]_Roll_75_008.jpg",
"./NARA_RG_260_WLA_Roll 75_#1-35 (FINISHED)/NARA_RG_260_WLA_WIE-7696_[no-card]_Roll_75_005.jpg",
"./NARA_RG_260_WLA_Roll 75_#1-35 (FINISHED)/NARA_RG_260_WLA_WIE-7841_[no_card]_Roll_75_014.jpg",
"./NARA_RG_260_WLA_Roll 75_#1-35 (FINISHED)/NARA_RG_260_WLA_WIE-7848_[no_card]_Roll_75_009.jpg",
"./NARA_RG_260_WLA_Roll 75_#1-35 (FINISHED)/NARA_RG_260_WLA_WIE-8068_[no_card]_Roll_75_023.jpg",
"./NARA_RG_260_WLA_Roll 75_#1-35 (FINISHED)/NARA_RG_260_WLA_WIE-8069_[no_card]_Roll_75_030.jpg",
"./NARA_RG_260_WLA_Roll 75_#1-35 (FINISHED)/NARA_RG_260_WLA_WIE-8079_[no_card]_Roll_75_022.jpg",
"./NARA_RG_260_WLA_Roll 75_#1-35 (FINISHED)/NARA_RG_260_WLA_WIE-8081_[no_card}_Roll_75_035.jpg",
"./NARA_RG_260_WLA_Roll 75_#1-35 (FINISHED)/NARA_RG_260_WLA_WIE-8085_[no_card]_Roll_75_010.jpg",
"./NARA_RG_260_WLA_Roll 75_#1-35 (FINISHED)/NARA_RG_260_WLA_WIE-8103_[no_card]_Roll_75_026.jpg",
"./NARA_RG_260_WLA_Roll 75_#1-35 (FINISHED)/NARA_RG_260_WLA_WIE-8104_[no_card]_Roll_75_027.jpg",
"./NARA_RG_260_WLA_Roll 75_#1-35 (FINISHED)/NARA_RG_260_WLA_WIE-8137_[no_card]_Roll_75_034.jpg",
"./NARA_RG_260_WLA_Roll 75_#1-35 (FINISHED)/NARA_RG_260_WLA_WIE-8141_[no_card]_Roll_75_033.jpg",
"./NARA_RG_260_WLA_Roll 75_#1-35 (FINISHED)/NARA_RG_260_WLA_WIE-8160_[no_card]_Roll_75_024.jpg",
"./NARA_RG_260_WLA_Roll 75_#1-35 (FINISHED)/NARA_RG_260_WLA_WIE-8335_[no_card]_Roll_75_012.jpg",
"./NARA_RG_260_WLA_Roll 75_#1-35 (FINISHED)/NARA_RG_260_WLA_WIE-8390_[no_card]_Roll_75_007.jpg",
"./NARA_RG_260_WLA_Roll 75_#1-35 (FINISHED)/NARA_RG_260_WLA_WIE-8390_[no_card]_Roll_75_011.jpg",
"./NARA_RG_260_WLA_Roll 75_#1-35 (FINISHED)/NARA_RG_260_WLA_WIE-8395_[no_card]_Roll_75_018.jpg",
"./NARA_RG_260_WLA_Roll 75_#1-35 (FINISHED)/NARA_RG_260_WLA_WIE-8468_[no_card]_Roll_75_017.jpg",
"./NARA_RG_260_WLA_Roll 75_#1-35 (FINISHED)/NARA_RG_260_WLA_WIE-[unknown]_[unknown]_Roll_75_025b.jpg",
"./NARA_RG_260_WLA_Roll 75_#1-35 (FINISHED)/NARA_RG_260_WLA_WIE-[unknown]_[unknown]_Roll_75_25a.jpg",
